Workbook

Sheet 가정_및_설정
A1: 항목 | B1: 값 | C1: 비고
A2: S3(화장실) 임시 기본값 | B2: 50 | C2: 실측 데이터 0건 - 사용자 지정값(중간값 가정)
A3: S4(엘리베이터) 임시 기본값 | B3: 50 | C3: 실측 데이터 0건 - 사용자 지정값(중간값 가정)
A4: S5(주차장) 임시 기본값 | B4: 50 | C4: 실측 데이터 0건 - 사용자 지정값(중간값 가정)
A6: ※ 현장답사 데이터 시트에는 '보행로'(S1), '출입구'(S2) 실측값만 존재합니다.
A7: 화장실/엘리베이터/주차장(S3~S5)은 실측치가 전혀 없어 6단계의 '전체 평균(Global Mean) 대입'조차 불가능하므로,
A8: 사용자 지정에 따라 위 임시 기본값(50점)을 모든 구역에 동일하게 대입하여 5각형 공식을 유지합니다.

Sheet S1_보행로
A1: ID | B1: 장소명 | C1: GPS | D1: 구역 | E1: 유효폭_5m이상 | F1: 유효폭(m) | G1: 단차(cm) | H1: 기울기(도) | I1: x1_유효폭(cm) | J1: s1_유효폭점수 | K1: s2_단차점수 | L1: s3_기울기점수 | M1: S1_보행로지수
A2: b198d9ab | B2: kt대리점 | C2: 35.176439, 126.912489 | D2: 3 | E2: =FALSE() -> FALSE | F2: 1.69 | G2: 0 | H2: 0 | I2: =IF(F2<>"",F2*100,IF(E2=TRUE(),500,"")) -> 169 | J2: =IF(I2="","",MIN(100,MAX(0,(I2-40)/(120-40)*100))) -> 100 | K2: =IF(G2="","",MIN(100,MAX(0,(6-G2)/(6-2)*100))) -> 100 | L2: =IF(H2="","",MIN(100,MAX(0,(14.4-H2)/(14.4-4.8)*100))) -> 100 | M2: =IFERROR(AVERAGE(J2:L2),"") -> 100
A3: 04fcf078 | B3: 스타벅스 전남대점 | C3: 35.177230, 126.912376 | D3: 1 | E3: =FALSE() -> FALSE | F3: 1.63 | G3: 0 | H3: 0 | I3: =IF(F3<>"",F3*100,IF(E3=TRUE(),500,"")) -> 163 | J3: =IF(I3="","",MIN(100,MAX(0,(I3-40)/(120-40)*100))) -> 100 | K3: =IF(G3="","",MIN(100,MAX(0,(6-G3)/(6-2)*100))) -> 100 | L3: =IF(H3="","",MIN(100,MAX(0,(14.4-H3)/(14.4-4.8)*100))) -> 100 | M3: =IFERROR(AVERAGE(J3:L3),"") -> 100
A4: 4d73e46a | B4: 올리브 | C4: 35.176479, 126.913793 | D4: 4 | E4: =TRUE() -> TRUE | G4: 0 | H4: 2.1 | I4: =IF(F4<>"",F4*100,IF(E4=TRUE(),500,"")) -> 500 | J4: =IF(I4="","",MIN(100,MAX(0,(I4-40)/(120-40)*100))) -> 100 | K4: =IF(G4="","",MIN(100,MAX(0,(6-G4)/(6-2)*100))) -> 100 | L4: =IF(H4="","",MIN(100,MAX(0,(14.4-H4)/(14.4-4.8)*100))) -> 100 | M4: =IFERROR(AVERAGE(J4:L4),"") -> 100
A5: 667e9b13 | B5: 포토그레이 | C5: 35.175493, 126.912793 | D5: 3 | E5: =TRUE() -> TRUE | G5: 0 | H5: 1.2 | I5: =IF(F5<>"",F5*100,IF(E5=TRUE(),500,"")) -> 500 | J5: =IF(I5="","",MIN(100,MAX(0,(I5-40)/(120-40)*100))) -> 100 | K5: =IF(G5="","",MIN(100,MAX(0,(6-G5)/(6-2)*100))) -> 100 | L5: =IF(H5="","",MIN(100,MAX(0,(14.4-H5)/(14.4-4.8)*100))) -> 100 | M5: =IFERROR(AVERAGE(J5:L5),"") -> 100
A6: e5095747 | B6: OH! CREPE | C6: 35.176436, 126.913098 | D6: 3 | E6: =TRUE() -> TRUE | G6: 0 | H6: 3.2 | I6: =IF(F6<>"",F6*100,IF(E6=TRUE(),500,"")) -> 500 | J6: =IF(I6="","",MIN(100,MAX(0,(I6-40)/(120-40)*100))) -> 100 | K6: =IF(G6="","",MIN(100,MAX(0,(6-G6)/(6-2)*100))) -> 100 | L6: =IF(H6="","",MIN(100,MAX(0,(14.4-H6)/(14.4-4.8)*100))) -> 100 | M6: =IFERROR(AVERAGE(J6:L6),"") -> 100
A7: 5fcbcb0e | B7: 아트박스 | C7: 35.175514, 126.913066 | D7: 3 | E7: =TRUE() -> TRUE | G7: 0 | H7: 1.4 | I7: =IF(F7<>"",F7*100,IF(E7=TRUE(),500,"")) -> 500 | J7: =IF(I7="","",MIN(100,MAX(0,(I7-40)/(120-40)*100))) -> 100 | K7: =IF(G7="","",MIN(100,MAX(0,(6-G7)/(6-2)*100))) -> 100 | L7: =IF(H7="","",MIN(100,MAX(0,(14.4-H7)/(14.4-4.8)*100))) -> 100 | M7: =IFERROR(AVERAGE(J7:L7),"") -> 100
A8: 5506da05 | B8: 고수닭갈비 | C8: 35.176872, 126.913312 | D8: 1 | E8: =FALSE() -> FALSE | F8: 1.3 | G8: 0 | H8: 8.8 | I8: =IF(F8<>"",F8*100,IF(E8=TRUE(),500,"")) -> 130 | J8: =IF(I8="","",MIN(100,MAX(0,(I8-40)/(120-40)*100))) -> 100 | K8: =IF(G8="","",MIN(100,MAX(0,(6-G8)/(6-2)*100))) -> 100 | L8: =IF(H8="","",MIN(100,MAX(0,(14.4-H8)/(14.4-4.8)*100))) -> 58.333333 | M8: =IFERROR(AVERAGE(J8:L8),"") -> 86.111111
A9: 74977598 | B9: 포토이즘 | C9: 35.175586, 126.913125 | D9: 3 | E9: =TRUE() -> TRUE | G9: 0 | H9: 3.4 | I9: =IF(F9<>"",F9*100,IF(E9=TRUE(),500,"")) -> 500 | J9: =IF(I9="","",MIN(100,MAX(0,(I9-40)/(120-40)*100))) -> 100 | K9: =IF(G9="","",MIN(100,MAX(0,(6-G9)/(6-2)*100))) -> 100 | L9: =IF(H9="","",MIN(100,MAX(0,(14.4-H9)/(14.4-4.8)*100))) -> 100 | M9: =IFERROR(AVERAGE(J9:L9),"") -> 100
A10: 5f15ef5a | B10: 벌툰 | C10: 35.176911, 126.913460 | D10: 1 | E10: =FALSE() -> FALSE | F10: 1.2 | G10: 4 | H10: 11.2 | I10: =IF(F10<>"",F10*100,IF(E10=TRUE(),500,"")) -> 120 | J10: =IF(I10="","",MIN(100,MAX(0,(I10-40)/(120-40)*100))) -> 100 | K10: =IF(G10="","",MIN(100,MAX(0,(6-G10)/(6-2)*100))) -> 50 | L10: =IF(H10="","",MIN(100,MAX(0,(14.4-H10)/(14.4-4.8)*100))) -> 33.333333 | M10: =IFERROR(AVERAGE(J10:L10),"") -> 61.111111
A11: 2fad83d8 | B11: 베타 미용도소매점 | C11: 35.176833, 126.913124 | D11: 1 | E11: =TRUE() -> TRUE | G11: 0 | H11: 0 | I11: =IF(F11<>"",F11*100,IF(E11=TRUE(),500,"")) -> 500 | J11: =IF(I11="","",MIN(100,MAX(0,(I11-40)/(120-40)*100))) -> 100 | K11: =IF(G11="","",MIN(100,MAX(0,(6-G11)/(6-2)*100))) -> 100 | L11: =IF(H11="","",MIN(100,MAX(0,(14.4-H11)/(14.4-4.8)*100))) -> 100 | M11: =IFERROR(AVERAGE(J11:L11),"") -> 100
A12: 893dd380 | B12: 마장동 고기집 | C12: 35.176397, 126.914525 | D12: 4 | E12: =TRUE() -> TRUE | G12: 0 | H12: 4.1 | I12: =IF(F12<>"",F12*100,IF(E12=TRUE(),500,"")) -> 500 | J12: =IF(I12="","",MIN(100,MAX(0,(I12-40)/(120-40)*100))) -> 100 | K12: =IF(G12="","",MIN(100,MAX(0,(6-G12)/(6-2)*100))) -> 100 | L12: =IF(H12="","",MIN(100,MAX(0,(14.4-H12)/(14.4-4.8)*100))) -> 100 | M12: =IFERROR(AVERAGE(J12:L12),"") -> 100
A13: bb60e692 | B13: 용흥경로당 | C13: 35.176417, 126.913912 | D13: 4 | E13: =FALSE() -> FALSE | F13: 1.73 | G13: 1 | H13: 2.4 | I13: =IF(F13<>"",F13*100,IF(E13=TRUE(),500,"")) -> 173 | J13: =IF(I13="","",MIN(100,MAX(0,(I13-40)/(120-40)*100))) -> 100 | K13: =IF(G13="","",MIN(100,MAX(0,(6-G13)/(6-2)*100))) -> 100 | L13: =IF(H13="","",MIN(100,MAX(0,(14.4-H13)/(14.4-4.8)*100))) -> 100 | M13: =IFERROR(AVERAGE(J13:L13),"") -> 100
A14: 10644145 | B14: 스타노래연습장 | C14: 35.176484, 126.913868 | D14: 4 | E14: =TRUE() -> TRUE | G14: 0 | H14: 0 | I14: =IF(F14<>"",F14*100,IF(E14=TRUE(),500,"")) -> 500 | J14: =IF(I14="","",MIN(100,MAX(0,(I14-40)/(120-40)*100))) -> 100 | K14: =IF(G14="","",MIN(100,MAX(0,(6-G14)/(6-2)*100))) -> 100 | L14: =IF(H14="","",MIN(100,MAX(0,(14.4-H14)/(14.4-4.8)*100))) -> 100 | M14: =IFERROR(AVERAGE(J14:L14),"") -> 100
A15: 48fa3c8b | B15: 더맥소 | C15: 35.176505, 126.914203 | D15: 2 | E15: =TRUE() -> TRUE | G15: 0 | H15: 0 | I15: =IF(F15<>"",F15*100,IF(E15=TRUE(),500,"")) -> 500 | J15: =IF(I15="","",MIN(100,MAX(0,(I15-40)/(120-40)*100))) -> 100 | K15: =IF(G15="","",MIN(100,MAX(0,(6-G15)/(6-2)*100))) -> 100 | L15: =IF(H15="","",MIN(100,MAX(0,(14.4-H15)/(14.4-4.8)*100))) -> 100 | M15: =IFERROR(AVERAGE(J15:L15),"") -> 100
A16: 9e46ace6 | B16: 효자동솥뚜껑 | C16: 35.176506, 126.913541 | D16: 2 | E16: =TRUE() -> TRUE | G16: 0 | H16: 4.8 | I16: =IF(F16<>"",F16*100,IF(E16=TRUE(),500,"")) -> 500 | J16: =IF(I16="","",MIN(100,MAX(0,(I16-40)/(120-40)*100))) -> 100 | K16: =IF(G16="","",MIN(100,MAX(0,(6-G16)/(6-2)*100))) -> 100 | L16: =IF(H16="","",MIN(100,MAX(0,(14.4-H16)/(14.4-4.8)*100))) -> 100 | M16: =IFERROR(AVERAGE(J16:L16),"") -> 100
A17: 8da1c20d | B17: 매머드커피 | C17: 35.176781, 126.912518 | D17: 1 | E17: =TRUE() -> TRUE | G17: 0 | H17: 11 | I17: =IF(F17<>"",F17*100,IF(E17=TRUE(),500,"")) -> 500 | J17: =IF(I17="","",MIN(100,MAX(0,(I17-40)/(120-40)*100))) -> 100 | K17: =IF(G17="","",MIN(100,MAX(0,(6-G17)/(6-2)*100))) -> 100 | L17: =IF(H17="","",MIN(100,MAX(0,(14.4-H17)/(14.4-4.8)*100))) -> 35.416667 | M17: =IFERROR(AVERAGE(J17:L17),"") -> 78.472222
A18: 58be58cf | B18: 김금자숯불갈비 | C18: 35.177434, 126.914322 | D18: 2 | E18: =TRUE() -> TRUE | G18: 2 | H18: 0 | I18: =IF(F18<>"",F18*100,IF(E18=TRUE(),500,"")) -> 500 | J18: =IF(I18="","",MIN(100,MAX(0,(I18-40)/(120-40)*100))) -> 100 | K18: =IF(G18="","",MIN(100,MAX(0,(6-G18)/(6-2)*100))) -> 100 | L18: =IF(H18="","",MIN(100,MAX(0,(14.4-H18)/(14.4-4.8)*100))) -> 100 | M18: =IFERROR(AVERAGE(J18:L18),"") -> 100
A19: 8edd619d | B19: 홍길동전노래연습장 | C19: 35.175559, 126.914008 | D19: 4 | E19: =TRUE() -> TRUE | G19: 1 | H19: 6.3 | I19: =IF(F19<>"",F19*100,IF(E19=TRUE(),500,"")) -> 500 | J19: =IF(I19="","",MIN(100,MAX(0,(I19-40)/(120-40)*100))) -> 100 | K19: =IF(G19="","",MIN(100,MAX(0,(6-G19)/(6-2)*100))) -> 100 | L19: =IF(H19="","",MIN(100,MAX(0,(14.4-H19)/(14.4-4.8)*100))) -> 84.375 | M19: =IFERROR(AVERAGE(J19:L19),"") -> 94.791667
A20: 96b9f445 | B20: GS25 | C20: 35.177349, 126.913497 | D20: 1 | E20: =TRUE() -> TRUE | G20: 0 | H20: 0 | I20: =IF(F20<>"",F20*100,IF(E20=TRUE(),500,"")) -> 500 | J20: =IF(I20="","",MIN(100,MAX(0,(I20-40)/(120-40)*100))) -> 100 | K20: =IF(G20="","",MIN(100,MAX(0,(6-G20)/(6-2)*100))) -> 100 | L20: =IF(H20="","",MIN(100,MAX(0,(14.4-H20)/(14.4-4.8)*100))) -> 100 | M20: =IFERROR(AVERAGE(J20:L20),"") -> 100
A22: 주: x1_유효폭(cm) = 실측 '유효폭'(m)*100. 실측값이 없고 '유효폭 5m이상'=TRUE인 경우 500cm로 대입(어차피 120cm 이상이면 만점 100으로 클램핑되므로 결과에 영향 없음).

Sheet S2_출입구
A1: ID | B1: 장소명 | C1: GPS | D1: 구역 | E1: 유효폭(m) | F1: 문너비(m) | G1: 이상치제외 | H1: 단차(cm) | I1: 경사로유무 | J1: 기울기(도) | K1: x1_유효폭(cm) | L1: s_width_점수 | M1: s_step_점수(단차) | N1: s_slope_점수(경사로,예외전) | O1: s_step_slope_결합 | P1: S2_출입구지수
A2: 6150c404 | B2: 액티브게임파크 | C2: 35.176241, 126.912605 | D2: 3 | F2: 0.7 | H2: 10.5 | I2: =FALSE() -> FALSE | K2: =IF(E2<>"",E2*100,IF(AND(F2<>"",G2<>"예"),F2*100,"")) -> 70 | L2: =IF(K2="","",MIN(100,MAX(0,(K2-30)/(90-30)*100))) -> 66.666667 | M2: =IF(H2="","",MIN(100,MAX(0,(6-H2)/(6-2)*100))) -> 0 | N2: =IF(H2="","",IF(H2<=2,"",IF(OR(I2=FALSE(),J2=""),0,MIN(100,MAX(0,(14.4-J2)/(14.4-4.8)*100))))) -> 0 | O2: =IF(H2="","",IF(H2<=2,100,0.5*M2+0.5*N2)) -> 0 | P2: =IF(AND(L2<>"",O2<>""),0.5*L2+0.5*O2,"") -> 33.333333
A3: 79ee9d03 | B3: 신데렐라 | C3: 35.175793, 126.913046 | D3: 3 | F3: 0.7 | H3: 10 | I3: =FALSE() -> FALSE | K3: =IF(E3<>"",E3*100,IF(AND(F3<>"",G3<>"예"),F3*100,"")) -> 70 | L3: =IF(K3="","",MIN(100,MAX(0,(K3-30)/(90-30)*100))) -> 66.666667 | M3: =IF(H3="","",MIN(100,MAX(0,(6-H3)/(6-2)*100))) -> 0 | N3: =IF(H3="","",IF(H3<=2,"",IF(OR(I3=FALSE(),J3=""),0,MIN(100,MAX(0,(14.4-J3)/(14.4-4.8)*100))))) -> 0 | O3: =IF(H3="","",IF(H3<=2,100,0.5*M3+0.5*N3)) -> 0 | P3: =IF(AND(L3<>"",O3<>""),0.5*L3+0.5*O3,"") -> 33.333333
A4: a20e38f2 | B4: 미나미 | C4: 35.176844, 126.912660 | D4: 1 | F4: 0.74 | H4: 11 | I4: =FALSE() -> FALSE | K4: =IF(E4<>"",E4*100,IF(AND(F4<>"",G4<>"예"),F4*100,"")) -> 74 | L4: =IF(K4="","",MIN(100,MAX(0,(K4-30)/(90-30)*100))) -> 73.333333 | M4: =IF(H4="","",MIN(100,MAX(0,(6-H4)/(6-2)*100))) -> 0 | N4: =IF(H4="","",IF(H4<=2,"",IF(OR(I4=FALSE(),J4=""),0,MIN(100,MAX(0,(14.4-J4)/(14.4-4.8)*100))))) -> 0 | O4: =IF(H4="","",IF(H4<=2,100,0.5*M4+0.5*N4)) -> 0 | P4: =IF(AND(L4<>"",O4<>""),0.5*L4+0.5*O4,"") -> 36.666667
A5: 536b52b4 | B5: 헤이맨즈 옆 건물 | C5: 35.176864, 126.912991 | D5: 1 | F5: 0.79 | H5: 22 | I5: =FALSE() -> FALSE | K5: =IF(E5<>"",E5*100,IF(AND(F5<>"",G5<>"예"),F5*100,"")) -> 79 | L5: =IF(K5="","",MIN(100,MAX(0,(K5-30)/(90-30)*100))) -> 81.666667 | M5: =IF(H5="","",MIN(100,MAX(0,(6-H5)/(6-2)*100))) -> 0 | N5: =IF(H5="","",IF(H5<=2,"",IF(OR(I5=FALSE(),J5=""),0,MIN(100,MAX(0,(14.4-J5)/(14.4-4.8)*100))))) -> 0 | O5: =IF(H5="","",IF(H5<=2,100,0.5*M5+0.5*N5)) -> 0 | P5: =IF(AND(L5<>"",O5<>""),0.5*L5+0.5*O5,"") -> 40.833333
A6: caab33d8 | B6: Aroundthemoon | C6: 35.176040, 126.913314 | D6: 3 | F6: 0.8 | H6: 10 | I6: =FALSE() -> FALSE | K6: =IF(E6<>"",E6*100,IF(AND(F6<>"",G6<>"예"),F6*100,"")) -> 80 | L6: =IF(K6="","",MIN(100,MAX(0,(K6-30)/(90-30)*100))) -> 83.333333 | M6: =IF(H6="","",MIN(100,MAX(0,(6-H6)/(6-2)*100))) -> 0 | N6: =IF(H6="","",IF(H6<=2,"",IF(OR(I6=FALSE(),J6=""),0,MIN(100,MAX(0,(14.4-J6)/(14.4-4.8)*100))))) -> 0 | O6: =IF(H6="","",IF(H6<=2,100,0.5*M6+0.5*N6)) -> 0 | P6: =IF(AND(L6<>"",O6<>""),0.5*L6+0.5*O6,"") -> 41.666667
A7: ffcdf375 | B7: 더포드 | C7: 35.175930, 126.913373 | D7: 3 | F7: 0.8 | H7: 14 | I7: =FALSE() -> FALSE | K7: =IF(E7<>"",E7*100,IF(AND(F7<>"",G7<>"예"),F7*100,"")) -> 80 | L7: =IF(K7="","",MIN(100,MAX(0,(K7-30)/(90-30)*100))) -> 83.333333 | M7: =IF(H7="","",MIN(100,MAX(0,(6-H7)/(6-2)*100))) -> 0 | N7: =IF(H7="","",IF(H7<=2,"",IF(OR(I7=FALSE(),J7=""),0,MIN(100,MAX(0,(14.4-J7)/(14.4-4.8)*100))))) -> 0 | O7: =IF(H7="","",IF(H7<=2,100,0.5*M7+0.5*N7)) -> 0 | P7: =IF(AND(L7<>"",O7<>""),0.5*L7+0.5*O7,"") -> 41.666667
A8: 2adf219d | B8: 감성상자 그안 | C8: 35.177356, 126.913812 | D8: 2 | F8: 0.8 | H8: 17 | I8: =FALSE() -> FALSE | K8: =IF(E8<>"",E8*100,IF(AND(F8<>"",G8<>"예"),F8*100,"")) -> 80 | L8: =IF(K8="","",MIN(100,MAX(0,(K8-30)/(90-30)*100))) -> 83.333333 | M8: =IF(H8="","",MIN(100,MAX(0,(6-H8)/(6-2)*100))) -> 0 | N8: =IF(H8="","",IF(H8<=2,"",IF(OR(I8=FALSE(),J8=""),0,MIN(100,MAX(0,(14.4-J8)/(14.4-4.8)*100))))) -> 0 | O8: =IF(H8="","",IF(H8<=2,100,0.5*M8+0.5*N8)) -> 0 | P8: =IF(AND(L8<>"",O8<>""),0.5*L8+0.5*O8,"") -> 41.666667
A9: 8f3d4791 | B9: rastar | C9: 35.175598, 126.913708 | D9: 4 | F9: 0.8 | H9: 18 | I9: =FALSE() -> FALSE | K9: =IF(E9<>"",E9*100,IF(AND(F9<>"",G9<>"예"),F9*100,"")) -> 80 | L9: =IF(K9="","",MIN(100,MAX(0,(K9-30)/(90-30)*100))) -> 83.333333 | M9: =IF(H9="","",MIN(100,MAX(0,(6-H9)/(6-2)*100))) -> 0 | N9: =IF(H9="","",IF(H9<=2,"",IF(OR(I9=FALSE(),J9=""),0,MIN(100,MAX(0,(14.4-J9)/(14.4-4.8)*100))))) -> 0 | O9: =IF(H9="","",IF(H9<=2,100,0.5*M9+0.5*N9)) -> 0 | P9: =IF(AND(L9<>"",O9<>""),0.5*L9+0.5*O9,"") -> 41.666667
A10: 959decc9 | B10: 송고집 | C10: 35.177315, 126.913187 | D10: 1 | F10: 0.81 | H10: 16 | I10: =FALSE() -> FALSE | K10: =IF(E10<>"",E10*100,IF(AND(F10<>"",G10<>"예"),F10*100,"")) -> 81 | L10: =IF(K10="","",MIN(100,MAX(0,(K10-30)/(90-30)*100))) -> 85 | M10: =IF(H10="","",MIN(100,MAX(0,(6-H10)/(6-2)*100))) -> 0 | N10: =IF(H10="","",IF(H10<=2,"",IF(OR(I10=FALSE(),J10=""),0,MIN(100,MAX(0,(14.4-J10)/(14.4-4.8)*100))))) -> 0 | O10: =IF(H10="","",IF(H10<=2,100,0.5*M10+0.5*N10)) -> 0 | P10: =IF(AND(L10<>"",O10<>""),0.5*L10+0.5*O10,"") -> 42.5
A11: d954ce54 | B11: BARUK | C11: 35.176752, 126.913502 | D11: 2 | F11: 0.81 | H11: 13 | I11: =FALSE() -> FALSE | K11: =IF(E11<>"",E11*100,IF(AND(F11<>"",G11<>"예"),F11*100,"")) -> 81 | L11: =IF(K11="","",MIN(100,MAX(0,(K11-30)/(90-30)*100))) -> 85 | M11: =IF(H11="","",MIN(100,MAX(0,(6-H11)/(6-2)*100))) -> 0 | N11: =IF(H11="","",IF(H11<=2,"",IF(OR(I11=FALSE(),J11=""),0,MIN(100,MAX(0,(14.4-J11)/(14.4-4.8)*100))))) -> 0 | O11: =IF(H11="","",IF(H11<=2,100,0.5*M11+0.5*N11)) -> 0 | P11: =IF(AND(L11<>"",O11<>""),0.5*L11+0.5*O11,"") -> 42.5
A12: c7a4bd56 | B12: 으뜸안경원 | C12: 35.176389, 126.912865 | D12: 3 | F12: 0.82 | H12: 8 | I12: =FALSE() -> FALSE | K12: =IF(E12<>"",E12*100,IF(AND(F12<>"",G12<>"예"),F12*100,"")) -> 82 | L12: =IF(K12="","",MIN(100,MAX(0,(K12-30)/(90-30)*100))) -> 86.666667 | M12: =IF(H12="","",MIN(100,MAX(0,(6-H12)/(6-2)*100))) -> 0 | N12: =IF(H12="","",IF(H12<=2,"",IF(OR(I12=FALSE(),J12=""),0,MIN(100,MAX(0,(14.4-J12)/(14.4-4.8)*100))))) -> 0 | O12: =IF(H12="","",IF(H12<=2,100,0.5*M12+0.5*N12)) -> 0 | P12: =IF(AND(L12<>"",O12<>""),0.5*L12+0.5*O12,"") -> 43.333333
A13: 2c8253aa | B13: 올리브 | C13: 35.176504, 126.913821 | D13: 2 | F13: 0.82 | H13: 21 | I13: =FALSE() -> FALSE | K13: =IF(E13<>"",E13*100,IF(AND(F13<>"",G13<>"예"),F13*100,"")) -> 82 | L13: =IF(K13="","",MIN(100,MAX(0,(K13-30)/(90-30)*100))) -> 86.666667 | M13: =IF(H13="","",MIN(100,MAX(0,(6-H13)/(6-2)*100))) -> 0 | N13: =IF(H13="","",IF(H13<=2,"",IF(OR(I13=FALSE(),J13=""),0,MIN(100,MAX(0,(14.4-J13)/(14.4-4.8)*100))))) -> 0 | O13: =IF(H13="","",IF(H13<=2,100,0.5*M13+0.5*N13)) -> 0 | P13: =IF(AND(L13<>"",O13<>""),0.5*L13+0.5*O13,"") -> 43.333333
... A22: 4be33085 | B22: 정통집 | C22: 35.176535, 126.913507 | D22: 2 | F22: 0.85 | H22: 12 | I22: =FALSE() -> FALSE | K22: =IF(E22<>"",E22*100,IF(AND(F22<>"",G22<>"예"),F22*100,"")) -> 85 | L22: =IF(K22="","",MIN(100,MAX(0,(K22-30)/(90-30)*100))) -> 91.666667 | M22: =IF(H22="","",MIN(100,MAX(0,(6-H22)/(6-2)*100))) -> 0 | N22: =IF(H22="","",IF(H22<=2,"",IF(OR(I22=FALSE(),J22=""),0,MIN(100,MAX(0,(14.4-J22)/(14.4-4.8)*100))))) -> 0 | O22: =IF(H22="","",IF(H22<=2,100,0.5*M22+0.5*N22)) -> 0 | P22: =IF(AND(L22<>"",O22<>""),0.5*L22+0.5*O22,"") -> 45.833333
A23: 0ced2290 | B23: givemetaco | C23: 35.176368, 126.912599 | D23: 3 | F23: 0.86 | H23: 12.5 | I23: =TRUE() -> TRUE | J23: 18.7 | K23: =IF(E23<>"",E23*100,IF(AND(F23<>"",G23<>"예"),F23*100,"")) -> 86 | L23: =IF(K23="","",MIN(100,MAX(0,(K23-30)/(90-30)*100))) -> 93.333333 | M23: =IF(H23="","",MIN(100,MAX(0,(6-H23)/(6-2)*100))) -> 0 | N23: =IF(H23="","",IF(H23<=2,"",IF(OR(I23=FALSE(),J23=""),0,MIN(100,MAX(0,(14.4-J23)/(14.4-4.8)*100))))) -> 0 | O23: =IF(H23="","",IF(H23<=2,100,0.5*M23+0.5*N23)) -> 0 | P23: =IF(AND(L23<>"",O23<>""),0.5*L23+0.5*O23,"") -> 46.666667
A24: 0b1b1669 | B24: 먹새통 | C24: 35.177008, 126.913814 | D24: 2 | F24: 0.86 | H24: 13 | I24: =FALSE() -> FALSE | K24: =IF(E24<>"",E24*100,IF(AND(F24<>"",G24<>"예"),F24*100,"")) -> 86 | L24: =IF(K24="","",MIN(100,MAX(0,(K24-30)/(90-30)*100))) -> 93.333333 | M24: =IF(H24="","",MIN(100,MAX(0,(6-H24)/(6-2)*100))) -> 0 | N24: =IF(H24="","",IF(H24<=2,"",IF(OR(I24=FALSE(),J24=""),0,MIN(100,MAX(0,(14.4-J24)/(14.4-4.8)*100))))) -> 0 | O24: =IF(H24="","",IF(H24<=2,100,0.5*M24+0.5*N24)) -> 0 | P24: =IF(AND(L24<>"",O24<>""),0.5*L24+0.5*O24,"") -> 46.666667
A25: fd925e84 | B25: 내가찜한닭 | C25: 35.175601, 126.913769 | D25: 4 | F25: 0.86 | H25: 18 | I25: =FALSE() -> FALSE | K25: =IF(E25<>"",E25*100,IF(AND(F25<>"",G25<>"예"),F25*100,"")) -> 86 | L25: =IF(K25="","",MIN(100,MAX(0,(K25-30)/(90-30)*100))) -> 93.333333 | M25: =IF(H25="","",MIN(100,MAX(0,(6-H25)/(6-2)*100))) -> 0 | N25: =IF(H25="","",IF(H25<=2,"",IF(OR(I25=FALSE(),J25=""),0,MIN(100,MAX(0,(14.4-J25)/(14.4-4.8)*100))))) -> 0 | O25: =IF(H25="","",IF(H25<=2,100,0.5*M25+0.5*N25)) -> 0 | P25: =IF(AND(L25<>"",O25<>""),0.5*L25+0.5*O25,"") -> 46.666667
A26: 2f556499 | B26: 인형뽑기 | C26: 35.176422, 126.913604 | D26: 4 | F26: 0.88 | H26: 12 | I26: =FALSE() -> FALSE | K26: =IF(E26<>"",E26*100,IF(AND(F26<>"",G26<>"예"),F26*100,"")) -> 88 | L26: =IF(K26="","",MIN(100,MAX(0,(K26-30)/(90-30)*100))) -> 96.666667 | M26: =IF(H26="","",MIN(100,MAX(0,(6-H26)/(6-2)*100))) -> 0 | N26: =IF(H26="","",IF(H26<=2,"",IF(OR(I26=FALSE(),J26=""),0,MIN(100,MAX(0,(14.4-J26)/(14.4-4.8)*100))))) -> 0 | O26: =IF(H26="","",IF(H26<=2,100,0.5*M26+0.5*N26)) -> 0 | P26: =IF(AND(L26<>"",O26<>""),0.5*L26+0.5*O26,"") -> 48.333333
A27: 4918c91a | B27: 충만치킨 전남대 | C27: 35.177292, 126.912826 | D27: 1 | F27: 0.88 | H27: 11 | I27: =FALSE() -> FALSE | K27: =IF(E27<>"",E27*100,IF(AND(F27<>"",G27<>"예"),F27*100,"")) -> 88 | L27: =IF(K27="","",MIN(100,MAX(0,(K27-30)/(90-30)*100))) -> 96.666667 | M27: =IF(H27="","",MIN(100,MAX(0,(6-H27)/(6-2)*100))) -> 0 | N27: =IF(H27="","",IF(H27<=2,"",IF(OR(I27=FALSE(),J27=""),0,MIN(100,MAX(0,(14.4-J27)/(14.4-4.8)*100))))) -> 0 | O27: =IF(H27="","",IF(H27<=2,100,0.5*M27+0.5*N27)) -> 0 | P27: =IF(AND(L27<>"",O27<>""),0.5*L27+0.5*O27,"") -> 48.333333
A28: e6311270 | B28: 24시무인빵집 | C28: 35.176477, 126.912891 | D28: 3 | F28: 0.88 | H28: 13 | I28: =FALSE() -> FALSE | K28: =IF(E28<>"",E28*100,IF(AND(F28<>"",G28<>"예"),F28*100,"")) -> 88 | L28: =IF(K28="","",MIN(100,MAX(0,(K28-30)/(90-30)*100))) -> 96.666667 | M28: =IF(H28="","",MIN(100,MAX(0,(6-H28)/(6-2)*100))) -> 0 | N28: =IF(H28="","",IF(H28<=2,"",IF(OR(I28=FALSE(),J28=""),0,MIN(100,MAX(0,(14.4-J28)/(14.4-4.8)*100))))) -> 0 | O28: =IF(H28="","",IF(H28<=2,100,0.5*M28+0.5*N28)) -> 0 | P28: =IF(AND(L28<>"",O28<>""),0.5*L28+0.5*O28,"") -> 48.333333
A29: 41b21d74 | B29: 24시진국 | C29: 35.176770, 126.913630 | D29: 2 | F29: 0.88 | H29: 13 | I29: =FALSE() -> FALSE | K29: =IF(E29<>"",E29*100,IF(AND(F29<>"",G29<>"예"),F29*100,"")) -> 88 | L29: =IF(K29="","",MIN(100,MAX(0,(K29-30)/(90-30)*100))) -> 96.666667 | M29: =IF(H29="","",MIN(100,MAX(0,(6-H29)/(6-2)*100))) -> 0 | N29: =IF(H29="","",IF(H29<=2,"",IF(OR(I29=FALSE(),J29=""),0,MIN(100,MAX(0,(14.4-J29)/(14.4-4.8)*100))))) -> 0 | O29: =IF(H29="","",IF(H29<=2,100,0.5*M29+0.5*N29)) -> 0 | P29: =IF(AND(L29<>"",O29<>""),0.5*L29+0.5*O29,"") -> 48.333333
A30: db25e1c5 | B30: 이자카야 토라 | C30: 35.176904, 126.914003 | D30: 2 | F30: 0.88 | H30: 13 | I30: =FALSE() -> FALSE | K30: =IF(E30<>"",E30*100,IF(AND(F30<>"",G30<>"예"),F30*100,"")) -> 88 | L30: =IF(K30="","",MIN(100,MAX(0,(K30-30)/(90-30)*100))) -> 96.666667 | M30: =IF(H30="","",MIN(100,MAX(0,(6-H30)/(6-2)*100))) -> 0 | N30: =IF(H30="","",IF(H30<=2,"",IF(OR(I30=FALSE(),J30=""),0,MIN(100,MAX(0,(14.4-J30)/(14.4-4.8)*100))))) -> 0 | O30: =IF(H30="","",IF(H30<=2,100,0.5*M30+0.5*N30)) -> 0 | P30: =IF(AND(L30<>"",O30<>""),0.5*L30+0.5*O30,"") -> 48.333333
A31: d6812ebb | B31: 스크린야구장 | C31: 35.176441, 126.913841 | D31: 4 | F31: 0.89 | H31: 12 | I31: =FALSE() -> FALSE | K31: =IF(E31<>"",E31*100,IF(AND(F31<>"",G31<>"예"),F31*100,"")) -> 89 | L31: =IF(K31="","",MIN(100,MAX(0,(K31-30)/(90-30)*100))) -> 98.333333 | M31: =IF(H31="","",MIN(100,MAX(0,(6-H31)/(6-2)*100))) -> 0 | N31: =IF(H31="","",IF(H31<=2,"",IF(OR(I31=FALSE(),J31=""),0,MIN(100,MAX(0,(14.4-J31)/(14.4-4.8)*100))))) -> 0 | O31: =IF(H31="","",IF(H31<=2,100,0.5*M31+0.5*N31)) -> 0 | P31: =IF(AND(L31<>"",O31<>""),0.5*L31+0.5*O31,"") -> 49.166667
A32: 46a25c52 | B32: 에스 | C32: 35.176469, 126.912816 | D32: 3 | F32: 0.89 | H32: 7 | I32: =FALSE() -> FALSE | K32: =IF(E32<>"",E32*100,IF(AND(F32<>"",G32<>"예"),F32*100,"")) -> 89 | L32: =IF(K32="","",MIN(100,MAX(0,(K32-30)/(90-30)*100))) -> 98.333333 | M32: =IF(H32="","",MIN(100,MAX(0,(6-H32)/(6-2)*100))) -> 0 | N32: =IF(H32="","",IF(H32<=2,"",IF(OR(I32=FALSE(),J32=""),0,MIN(100,MAX(0,(14.4-J32)/(14.4-4.8)*100))))) -> 0 | O32: =IF(H32="","",IF(H32<=2,100,0.5*M32+0.5*N32)) -> 0 | P32: =IF(AND(L32<>"",O32<>""),0.5*L32+0.5*O32,"") -> 49.166667
A33: a4f70932 | B33: 참돈 | C33: 35.176910, 126.913883 | D33: 2 | F33: 0.89 | H33: 8 | I33: =FALSE() -> FALSE | K33: =IF(E33<>"",E33*100,IF(AND(F33<>"",G33<>"예"),F33*100,"")) -> 89 | L33: =IF(K33="","",MIN(100,MAX(0,(K33-30)/(90-30)*100))) -> 98.333333 | M33: =IF(H33="","",MIN(100,MAX(0,(6-H33)/(6-2)*100))) -> 0 | N33: =IF(H33="","",IF(H33<=2,"",IF(OR(I33=FALSE(),J33=""),0,MIN(100,MAX(0,(14.4-J33)/(14.4-4.8)*100))))) -> 0 | O33: =IF(H33="","",IF(H33<=2,100,0.5*M33+0.5*N33)) -> 0 | P33: =IF(AND(L33<>"",O33<>""),0.5*L33+0.5*O33,"") -> 49.166667
A34: 93bb6f1f | B34: 데일리키페 | C34: 35.176905, 126.913919 | D34: 2 | F34: 0.89 | H34: 12 | I34: =FALSE() -> FALSE | K34: =IF(E34<>"",E34*100,IF(AND(F34<>"",G34<>"예"),F34*100,"")) -> 89 | L34: =IF(K34="","",MIN(100,MAX(0,(K34-30)/(90-30)*100))) -> 98.333333 | M34: =IF(H34="","",MIN(100,MAX(0,(6-H34)/(6-2)*100))) -> 0 | N34: =IF(H34="","",IF(H34<=2,"",IF(OR(I34=FALSE(),J34=""),0,MIN(100,MAX(0,(14.4-J34)/(14.4-4.8)*100))))) -> 0 | O34: =IF(H34="","",IF(H34<=2,100,0.5*M34+0.5*N34)) -> 0 | P34: =IF(AND(L34<>"",O34<>""),0.5*L34+0.5*O34,"") -> 49.166667
A35: cba47ea3 | B35: 질러질러노래연습장 | C35: 35.176848, 126.914402 | D35: 2 | F35: 0.89 | H35: 17 | I35: =FALSE() -> FALSE | K35: =IF(E35<>"",E35*100,IF(AND(F35<>"",G35<>"예"),F35*100,"")) -> 89 | L35: =IF(K35="","",MIN(100,MAX(0,(K35-30)/(90-30)*100))) -> 98.333333 | M35: =IF(H35="","",MIN(100,MAX(0,(6-H35)/(6-2)*100))) -> 0 | N35: =IF(H35="","",IF(H35<=2,"",IF(OR(I35=FALSE(),J35=""),0,MIN(100,MAX(0,(14.4-J35)/(14.4-4.8)*100))))) -> 0 | O35: =IF(H35="","",IF(H35<=2,100,0.5*M35+0.5*N35)) -> 0 | P35: =IF(AND(L35<>"",O35<>""),0.5*L35+0.5*O35,"") -> 49.166667
... A37: 53d647f8 | B37: 야구사격장 | C37: 35.176380, 126.912782 | D37: 3 | F37: 1.03 | H37: 12 | I37: =FALSE() -> FALSE | K37: =IF(E37<>"",E37*100,IF(AND(F37<>"",G37<>"예"),F37*100,"")) -> 103 | L37: =IF(K37="","",MIN(100,MAX(0,(K37-30)/(90-30)*100))) -> 100 | M37: =IF(H37="","",MIN(100,MAX(0,(6-H37)/(6-2)*100))) -> 0 | N37: =IF(H37="","",IF(H37<=2,"",IF(OR(I37=FALSE(),J37=""),0,MIN(100,MAX(0,(14.4-J37)/(14.4-4.8)*100))))) -> 0 | O37: =IF(H37="","",IF(H37<=2,100,0.5*M37+0.5*N37)) -> 0 | P37: =IF(AND(L37<>"",O37<>""),0.5*L37+0.5*O37,"") -> 50
A38: 6b6fd9dc | B38: 이삭토스트 | C38: 35.176304, 126.912601 | D38: 3 | F38: 1 | H38: 19 | I38: =TRUE() -> TRUE | J38: 16.8 | K38: =IF(E38<>"",E38*100,IF(AND(F38<>"",G38<>"예"),F38*100,"")) -> 100 | L38: =IF(K38="","",MIN(100,MAX(0,(K38-30)/(90-30)*100))) -> 100 | M38: =IF(H38="","",MIN(100,MAX(0,(6-H38)/(6-2)*100))) -> 0 | N38: =IF(H38="","",IF(H38<=2,"",IF(OR(I38=FALSE(),J38=""),0,MIN(100,MAX(0,(14.4-J38)/(14.4-4.8)*100))))) -> 0 | O38: =IF(H38="","",IF(H38<=2,100,0.5*M38+0.5*N38)) -> 0 | P38: =IF(AND(L38<>"",O38<>""),0.5*L38+0.5*O38,"") -> 50
A39: 72564ff1 | B39: MAMMOTH | C39: 35.176839, 126.912527 | D39: 1 | F39: 1.22 | H39: 14 | I39: =FALSE() -> FALSE | K39: =IF(E39<>"",E39*100,IF(AND(F39<>"",G39<>"예"),F39*100,"")) -> 122 | L39: =IF(K39="","",MIN(100,MAX(0,(K39-30)/(90-30)*100))) -> 100 | M39: =IF(H39="","",MIN(100,MAX(0,(6-H39)/(6-2)*100))) -> 0 | N39: =IF(H39="","",IF(H39<=2,"",IF(OR(I39=FALSE(),J39=""),0,MIN(100,MAX(0,(14.4-J39)/(14.4-4.8)*100))))) -> 0 | O39: =IF(H39="","",IF(H39<=2,100,0.5*M39+0.5*N39)) -> 0 | P39: =IF(AND(L39<>"",O39<>""),0.5*L39+0.5*O39,"") -> 50
A40: ebfbf630 | B40: 선경통신 | C40: 35.176876, 126.912514 | D40: 1 | F40: 0.91 | H40: 10 | I40: =FALSE() -> FALSE | K40: =IF(E40<>"",E40*100,IF(AND(F40<>"",G40<>"예"),F40*100,"")) -> 91 | L40: =IF(K40="","",MIN(100,MAX(0,(K40-30)/(90-30)*100))) -> 100 | M40: =IF(H40="","",MIN(100,MAX(0,(6-H40)/(6-2)*100))) -> 0 | N40: =IF(H40="","",IF(H40<=2,"",IF(OR(I40=FALSE(),J40=""),0,MIN(100,MAX(0,(14.4-J40)/(14.4-4.8)*100))))) -> 0 | O40: =IF(H40="","",IF(H40<=2,100,0.5*M40+0.5*N40)) -> 0 | P40: =IF(AND(L40<>"",O40<>""),0.5*L40+0.5*O40,"") -> 50
A41: 27840150 | B41: GONG cha | C41: 35.176945, 126.912506 | D41: 1 | F41: 1.81 | H41: 14 | I41: =FALSE() -> FALSE | K41: =IF(E41<>"",E41*100,IF(AND(F41<>"",G41<>"예"),F41*100,"")) -> 181 | L41: =IF(K41="","",MIN(100,MAX(0,(K41-30)/(90-30)*100))) -> 100 | M41: =IF(H41="","",MIN(100,MAX(0,(6-H41)/(6-2)*100))) -> 0 | N41: =IF(H41="","",IF(H41<=2,"",IF(OR(I41=FALSE(),J41=""),0,MIN(100,MAX(0,(14.4-J41)/(14.4-4.8)*100))))) -> 0 | O41: =IF(H41="","",IF(H41<=2,100,0.5*M41+0.5*N41)) -> 0 | P41: =IF(AND(L41<>"",O41<>""),0.5*L41+0.5*O41,"") -> 50
A42: 2621a1cf | B42: skt대리점 | C42: 35.176208, 126.912618 | D42: 3 | F42: 1.8 | H42: 17 | I42: =FALSE() -> FALSE | K42: =IF(E42<>"",E42*100,IF(AND(F42<>"",G42<>"예"),F42*100,"")) -> 180 | L42: =IF(K42="","",MIN(100,MAX(0,(K42-30)/(90-30)*100))) -> 100 | M42: =IF(H42="","",MIN(100,MAX(0,(6-H42)/(6-2)*100))) -> 0 | N42: =IF(H42="","",IF(H42<=2,"",IF(OR(I42=FALSE(),J42=""),0,MIN(100,MAX(0,(14.4-J42)/(14.4-4.8)*100))))) -> 0 | O42: =IF(H42="","",IF(H42<=2,100,0.5*M42+0.5*N42)) -> 0 | P42: =IF(AND(L42<>"",O42<>""),0.5*L42+0.5*O42,"") -> 50
A43: 1c05aa16 | B43: WEVAPE전대전담 | C43: 35.177060, 126.912487 | D43: 1 | F43: 1 | H43: 22 | I43: =FALSE() -> FALSE | K43: =IF(E43<>"",E43*100,IF(AND(F43<>"",G43<>"예"),F43*100,"")) -> 100 | L43: =IF(K43="","",MIN(100,MAX(0,(K43-30)/(90-30)*100))) -> 100 | M43: =IF(H43="","",MIN(100,MAX(0,(6-H43)/(6-2)*100))) -> 0 | N43: =IF(H43="","",IF(H43<=2,"",IF(OR(I43=FALSE(),J43=""),0,MIN(100,MAX(0,(14.4-J43)/(14.4-4.8)*100))))) -> 0 | O43: =IF(H43="","",IF(H43<=2,100,0.5*M43+0.5*N43)) -> 0 | P43: =IF(AND(L43<>"",O43<>""),0.5*L43+0.5*O43,"") -> 50
A44: aa8d6c41 | B44: 통통 탕후루,타코야끼 | C44: 35.177082, 126.912477 | D44: 1 | F44: 0.9 | H44: 21 | I44: =FALSE() -> FALSE | K44: =IF(E44<>"",E44*100,IF(AND(F44<>"",G44<>"예"),F44*100,"")) -> 90 | L44: =IF(K44="","",MIN(100,MAX(0,(K44-30)/(90-30)*100))) -> 100 | M44: =IF(H44="","",MIN(100,MAX(0,(6-H44)/(6-2)*100))) -> 0 | N44: =IF(H44="","",IF(H44<=2,"",IF(OR(I44=FALSE(),J44=""),0,MIN(100,MAX(0,(14.4-J44)/(14.4-4.8)*100))))) -> 0 | O44: =IF(H44="","",IF(H44<=2,100,0.5*M44+0.5*N44)) -> 0 | P44: =IF(AND(L44<>"",O44<>""),0.5*L44+0.5*O44,"") -> 50
A45: c2e3f18f | B45: 육회바른연어 | C45: 35.176107, 126.912634 | D45: 3 | F45: 0.9 | H45: 25 | I45: =FALSE() -> FALSE | K45: =IF(E45<>"",E45*100,IF(AND(F45<>"",G45<>"예"),F45*100,"")) -> 90 | L45: =IF(K45="","",MIN(100,MAX(0,(K45-30)/(90-30)*100))) -> 100 | M45: =IF(H45="","",MIN(100,MAX(0,(6-H45)/(6-2)*100))) -> 0 | N45: =IF(H45="","",IF(H45<=2,"",IF(OR(I45=FALSE(),J45=""),0,MIN(100,MAX(0,(14.4-J45)/(14.4-4.8)*100))))) -> 0 | O45: =IF(H45="","",IF(H45<=2,100,0.5*M45+0.5*N45)) -> 0 | P45: =IF(AND(L45<>"",O45<>""),0.5*L45+0.5*O45,"") -> 50
A46: 98fb4b60 | B46: UPRIGHT | C46: 35.177108, 126.912474 | D46: 1 | F46: 1.05 | H46: 21 | I46: =FALSE() -> FALSE | K46: =IF(E46<>"",E46*100,IF(AND(F46<>"",G46<>"예"),F46*100,"")) -> 105 | L46: =IF(K46="","",MIN(100,MAX(0,(K46-30)/(90-30)*100))) -> 100 | M46: =IF(H46="","",MIN(100,MAX(0,(6-H46)/(6-2)*100))) -> 0 | N46: =IF(H46="","",IF(H46<=2,"",IF(OR(I46=FALSE(),J46=""),0,MIN(100,MAX(0,(14.4-J46)/(14.4-4.8)*100))))) -> 0 | O46: =IF(H46="","",IF(H46<=2,100,0.5*M46+0.5*N46)) -> 0 | P46: =IF(AND(L46<>"",O46<>""),0.5*L46+0.5*O46,"") -> 50
A47: cc7f6429 | B47: 피엔스튜디오 | C47: 35.176411, 126.913321 | D47: 3 | F47: 0.93 | H47: 16 | I47: =FALSE() -> FALSE | K47: =IF(E47<>"",E47*100,IF(AND(F47<>"",G47<>"예"),F47*100,"")) -> 93 | L47: =IF(K47="","",MIN(100,MAX(0,(K47-30)/(90-30)*100))) -> 100 | M47: =IF(H47="","",MIN(100,MAX(0,(6-H47)/(6-2)*100))) -> 0 | N47: =IF(H47="","",IF(H47<=2,"",IF(OR(I47=FALSE(),J47=""),0,MIN(100,MAX(0,(14.4-J47)/(14.4-4.8)*100))))) -> 0 | O47: =IF(H47="","",IF(H47<=2,100,0.5*M47+0.5*N47)) -> 0 | P47: =IF(AND(L47<>"",O47<>""),0.5*L47+0.5*O47,"") -> 50
A48: 8ec70409 | B48: LENS ME | C48: 35.176074, 126.912632 | D48: 3 | F48: 1.1 | H48: 23 | I48: =FALSE() -> FALSE | K48: =IF(E48<>"",E48*100,IF(AND(F48<>"",G48<>"예"),F48*100,"")) -> 110 | L48: =IF(K48="","",MIN(100,MAX(0,(K48-30)/(90-30)*100))) -> 100 | M48: =IF(H48="","",MIN(100,MAX(0,(6-H48)/(6-2)*100))) -> 0 | N48: =IF(H48="","",IF(H48<=2,"",IF(OR(I48=FALSE(),J48=""),0,MIN(100,MAX(0,(14.4-J48)/(14.4-4.8)*100))))) -> 0 | O48: =IF(H48="","",IF(H48<=2,100,0.5*M48+0.5*N48)) -> 0 | P48: =IF(AND(L48<>"",O48<>""),0.5*L48+0.5*O48,"") -> 50
A49: 112376db | B49: 전담성지 | C49: 35.175914, 126.912656 | D49: 3 | F49: 1 | H49: 17.5 | I49: =FALSE() -> FALSE | K49: =IF(E49<>"",E49*100,IF(AND(F49<>"",G49<>"예"),F49*100,"")) -> 100 | L49: =IF(K49="","",MIN(100,MAX(0,(K49-30)/(90-30)*100))) -> 100 | M49: =IF(H49="","",MIN(100,MAX(0,(6-H49)/(6-2)*100))) -> 0 | N49: =IF(H49="","",IF(H49<=2,"",IF(OR(I49=FALSE(),J49=""),0,MIN(100,MAX(0,(14.4-J49)/(14.4-4.8)*100))))) -> 0 | O49: =IF(H49="","",IF(H49<=2,100,0.5*M49+0.5*N49)) -> 0 | P49: =IF(AND(L49<>"",O49<>""),0.5*L49+0.5*O49,"") -> 50
A50: c661e1d1 | B50: PPOBABA | C50: 35.176404, 126.913250 | D50: 3 | F50: 1 | H50: 16 | I50: =FALSE() -> FALSE | K50: =IF(E50<>"",E50*100,IF(AND(F50<>"",G50<>"예"),F50*100,"")) -> 100 | L50: =IF(K50="","",MIN(100,MAX(0,(K50-30)/(90-30)*100))) -> 100 | M50: =IF(H50="","",MIN(100,MAX(0,(6-H50)/(6-2)*100))) -> 0 | N50: =IF(H50="","",IF(H50<=2,"",IF(OR(I50=FALSE(),J50=""),0,MIN(100,MAX(0,(14.4-J50)/(14.4-4.8)*100))))) -> 0 | O50: =IF(H50="","",IF(H50<=2,100,0.5*M50+0.5*N50)) -> 0 | P50: =IF(AND(L50<>"",O50<>""),0.5*L50+0.5*O50,"") -> 50
... A57: 99dbf349 | B57: place63 | C57: 35.175703, 126.912692 | D57: 3 | F57: 1 | H57: 6.5 | I57: =FALSE() -> FALSE | K57: =IF(E57<>"",E57*100,IF(AND(F57<>"",G57<>"예"),F57*100,"")) -> 100 | L57: =IF(K57="","",MIN(100,MAX(0,(K57-30)/(90-30)*100))) -> 100 | M57: =IF(H57="","",MIN(100,MAX(0,(6-H57)/(6-2)*100))) -> 0 | N57: =IF(H57="","",IF(H57<=2,"",IF(OR(I57=FALSE(),J57=""),0,MIN(100,MAX(0,(14.4-J57)/(14.4-4.8)*100))))) -> 0 | O57: =IF(H57="","",IF(H57<=2,100,0.5*M57+0.5*N57)) -> 0 | P57: =IF(AND(L57<>"",O57<>""),0.5*L57+0.5*O57,"") -> 50
A58: b780c589 | B58: 퀸노래연습장 | C58: 35.177275, 126.912606 | D58: 1 | F58: 1.97 | H58: 15 | I58: =TRUE() -> TRUE | J58: 17.9 | K58: =IF(E58<>"",E58*100,IF(AND(F58<>"",G58<>"예"),F58*100,"")) -> 197 | L58: =IF(K58="","",MIN(100,MAX(0,(K58-30)/(90-30)*100))) -> 100 | M58: =IF(H58="","",MIN(100,MAX(0,(6-H58)/(6-2)*100))) -> 0 | N58: =IF(H58="","",IF(H58<=2,"",IF(OR(I58=FALSE(),J58=""),0,MIN(100,MAX(0,(14.4-J58)/(14.4-4.8)*100))))) -> 0 | O58: =IF(H58="","",IF(H58<=2,100,0.5*M58+0.5*N58)) -> 0 | P58: =IF(AND(L58<>"",O58<>""),0.5*L58+0.5*O58,"") -> 50
A59: 5d57297d | B59: 한솥 전남대후문점 | C59: 35.177284, 126.912705 | D59: 1 | F59: 1.8 | H59: 16 | I59: =FALSE() -> FALSE | K59: =IF(E59<>"",E59*100,IF(AND(F59<>"",G59<>"예"),F59*100,"")) -> 180 | L59: =IF(K59="","",MIN(100,MAX(0,(K59-30)/(90-30)*100))) -> 100 | M59: =IF(H59="","",MIN(100,MAX(0,(6-H59)/(6-2)*100))) -> 0 | N59: =IF(H59="","",IF(H59<=2,"",IF(OR(I59=FALSE(),J59=""),0,MIN(100,MAX(0,(14.4-J59)/(14.4-4.8)*100))))) -> 0 | O59: =IF(H59="","",IF(H59<=2,100,0.5*M59+0.5*N59)) -> 0 | P59: =IF(AND(L59<>"",O59<>""),0.5*L59+0.5*O59,"") -> 50
A60: b4d9e426 | B60: BBQ | C60: 35.177304, 126.913058 | D60: 1 | F60: 1.8 | H60: 13 | I60: =FALSE() -> FALSE | K60: =IF(E60<>"",E60*100,IF(AND(F60<>"",G60<>"예"),F60*100,"")) -> 180 | L60: =IF(K60="","",MIN(100,MAX(0,(K60-30)/(90-30)*100))) -> 100 | M60: =IF(H60="","",MIN(100,MAX(0,(6-H60)/(6-2)*100))) -> 0 | N60: =IF(H60="","",IF(H60<=2,"",IF(OR(I60=FALSE(),J60=""),0,MIN(100,MAX(0,(14.4-J60)/(14.4-4.8)*100))))) -> 0 | O60: =IF(H60="","",IF(H60<=2,100,0.5*M60+0.5*N60)) -> 0 | P60: =IF(AND(L60<>"",O60<>""),0.5*L60+0.5*O60,"") -> 50
A61: 1d58c3d4 | B61: 맘스터치 | C61: 35.175690, 126.912687 | D61: 3 | F61: 1.6 | H61: 15 | I61: =FALSE() -> FALSE | K61: =IF(E61<>"",E61*100,IF(AND(F61<>"",G61<>"예"),F61*100,"")) -> 160 | L61: =IF(K61="","",MIN(100,MAX(0,(K61-30)/(90-30)*100))) -> 100 | M61: =IF(H61="","",MIN(100,MAX(0,(6-H61)/(6-2)*100))) -> 0 | N61: =IF(H61="","",IF(H61<=2,"",IF(OR(I61=FALSE(),J61=""),0,MIN(100,MAX(0,(14.4-J61)/(14.4-4.8)*100))))) -> 0 | O61: =IF(H61="","",IF(H61<=2,100,0.5*M61+0.5*N61)) -> 0 | P61: =IF(AND(L61<>"",O61<>""),0.5*L61+0.5*O61,"") -> 50
A62: 6295678e | B62: 대설 | C62: 35.175629, 126.912696 | D62: 3 | F62: 1 | H62: 6 | I62: =FALSE() -> FALSE | K62: =IF(E62<>"",E62*100,IF(AND(F62<>"",G62<>"예"),F62*100,"")) -> 100 | L62: =IF(K62="","",MIN(100,MAX(0,(K62-30)/(90-30)*100))) -> 100 | M62: =IF(H62="","",MIN(100,MAX(0,(6-H62)/(6-2)*100))) -> 0 | N62: =IF(H62="","",IF(H62<=2,"",IF(OR(I62=FALSE(),J62=""),0,MIN(100,MAX(0,(14.4-J62)/(14.4-4.8)*100))))) -> 0 | O62: =IF(H62="","",IF(H62<=2,100,0.5*M62+0.5*N62)) -> 0 | P62: =IF(AND(L62<>"",O62<>""),0.5*L62+0.5*O62,"") -> 50
A63: 74a33f2d | B63: 풍바오 | C63: 35.176517, 126.913291 | D63: 1 | F63: 1 | H63: 12 | I63: =FALSE() -> FALSE | K63: =IF(E63<>"",E63*100,IF(AND(F63<>"",G63<>"예"),F63*100,"")) -> 100 | L63: =IF(K63="","",MIN(100,MAX(0,(K63-30)/(90-30)*100))) -> 100 | M63: =IF(H63="","",MIN(100,MAX(0,(6-H63)/(6-2)*100))) -> 0 | N63: =IF(H63="","",IF(H63<=2,"",IF(OR(I63=FALSE(),J63=""),0,MIN(100,MAX(0,(14.4-J63)/(14.4-4.8)*100))))) -> 0 | O63: =IF(H63="","",IF(H63<=2,100,0.5*M63+0.5*N63)) -> 0 | P63: =IF(AND(L63<>"",O63<>""),0.5*L63+0.5*O63,"") -> 50
A64: 9c095b13 | B64: 버거리 | C64: 35.175579, 126.912711 | D64: 3 | F64: 0.9 | H64: 16 | I64: =FALSE() -> FALSE | K64: =IF(E64<>"",E64*100,IF(AND(F64<>"",G64<>"예"),F64*100,"")) -> 90 | L64: =IF(K64="","",MIN(100,MAX(0,(K64-30)/(90-30)*100))) -> 100 | M64: =IF(H64="","",MIN(100,MAX(0,(6-H64)/(6-2)*100))) -> 0 | N64: =IF(H64="","",IF(H64<=2,"",IF(OR(I64=FALSE(),J64=""),0,MIN(100,MAX(0,(14.4-J64)/(14.4-4.8)*100))))) -> 0 | O64: =IF(H64="","",IF(H64<=2,100,0.5*M64+0.5*N64)) -> 0 | P64: =IF(AND(L64<>"",O64<>""),0.5*L64+0.5*O64,"") -> 50
A65: 36e6305d | B65: 컴포즈커피 | C65: 35.175547, 126.912711 | D65: 3 | F65: 0.9 | H65: 32 | I65: =FALSE() -> FALSE | K65: =IF(E65<>"",E65*100,IF(AND(F65<>"",G65<>"예"),F65*100,"")) -> 90 | L65: =IF(K65="","",MIN(100,MAX(0,(K65-30)/(90-30)*100))) -> 100 | M65: =IF(H65="","",MIN(100,MAX(0,(6-H65)/(6-2)*100))) -> 0 | N65: =IF(H65="","",IF(H65<=2,"",IF(OR(I65=FALSE(),J65=""),0,MIN(100,MAX(0,(14.4-J65)/(14.4-4.8)*100))))) -> 0 | O65: =IF(H65="","",IF(H65<=2,100,0.5*M65+0.5*N65)) -> 0 | P65: =IF(AND(L65<>"",O65<>""),0.5*L65+0.5*O65,"") -> 50
A66: cff8b867 | B66: 놀부보쌈 | C66: 35.176519, 126.913237 | D66: 1 | F66: 0.91 | H66: 7 | I66: =FALSE() -> FALSE | K66: =IF(E66<>"",E66*100,IF(AND(F66<>"",G66<>"예"),F66*100,"")) -> 91 | L66: =IF(K66="","",MIN(100,MAX(0,(K66-30)/(90-30)*100))) -> 100 | M66: =IF(H66="","",MIN(100,MAX(0,(6-H66)/(6-2)*100))) -> 0 | N66: =IF(H66="","",IF(H66<=2,"",IF(OR(I66=FALSE(),J66=""),0,MIN(100,MAX(0,(14.4-J66)/(14.4-4.8)*100))))) -> 0 | O66: =IF(H66="","",IF(H66<=2,100,0.5*M66+0.5*N66)) -> 0 | P66: =IF(AND(L66<>"",O66<>""),0.5*L66+0.5*O66,"") -> 50
A67: 0a053817 | B67: 임대 상가 | C67: 35.176495, 126.913093 | D67: 3 | F67: 1 | H67: 15 | I67: =FALSE() -> FALSE | K67: =IF(E67<>"",E67*100,IF(AND(F67<>"",G67<>"예"),F67*100,"")) -> 100 | L67: =IF(K67="","",MIN(100,MAX(0,(K67-30)/(90-30)*100))) -> 100 | M67: =IF(H67="","",MIN(100,MAX(0,(6-H67)/(6-2)*100))) -> 0 | N67: =IF(H67="","",IF(H67<=2,"",IF(OR(I67=FALSE(),J67=""),0,MIN(100,MAX(0,(14.4-J67)/(14.4-4.8)*100))))) -> 0 | O67: =IF(H67="","",IF(H67<=2,100,0.5*M67+0.5*N67)) -> 0 | P67: =IF(AND(L67<>"",O67<>""),0.5*L67+0.5*O67,"") -> 50
A68: 82a4f7e3 | B68: 레드버튼 | C68: 35.175557, 126.912891 | D68: 3 | F68: 2.3 | H68: 15.5 | I68: =FALSE() -> FALSE | K68: =IF(E68<>"",E68*100,IF(AND(F68<>"",G68<>"예"),F68*100,"")) -> 230 | L68: =IF(K68="","",MIN(100,MAX(0,(K68-30)/(90-30)*100))) -> 100 | M68: =IF(H68="","",MIN(100,MAX(0,(6-H68)/(6-2)*100))) -> 0 | N68: =IF(H68="","",IF(H68<=2,"",IF(OR(I68=FALSE(),J68=""),0,MIN(100,MAX(0,(14.4-J68)/(14.4-4.8)*100))))) -> 0 | O68: =IF(H68="","",IF(H68<=2,100,0.5*M68+0.5*N68)) -> 0 | P68: =IF(AND(L68<>"",O68<>""),0.5*L68+0.5*O68,"") -> 50
A69: 2bc9f3ff | B69: 낭만닭꼬치 | C69: 35.176479, 126.912984 | D69: 3 | F69: 0.98 | H69: 6 | I69: =FALSE() -> FALSE | K69: =IF(E69<>"",E69*100,IF(AND(F69<>"",G69<>"예"),F69*100,"")) -> 98 | L69: =IF(K69="","",MIN(100,MAX(0,(K69-30)/(90-30)*100))) -> 100 | M69: =IF(H69="","",MIN(100,MAX(0,(6-H69)/(6-2)*100))) -> 0 | N69: =IF(H69="","",IF(H69<=2,"",IF(OR(I69=FALSE(),J69=""),0,MIN(100,MAX(0,(14.4-J69)/(14.4-4.8)*100))))) -> 0 | O69: =IF(H69="","",IF(H69<=2,100,0.5*M69+0.5*N69)) -> 0 | P69: =IF(AND(L69<>"",O69<>""),0.5*L69+0.5*O69,"") -> 50
A70: d2a92f5c | B70: 아트박스 | C70: 35.175559, 126.912965 | D70: 3 | F70: 2 | H70: 12 | I70: =FALSE() -> FALSE | K70: =IF(E70<>"",E70*100,IF(AND(F70<>"",G70<>"예"),F70*100,"")) -> 200 | L70: =IF(K70="","",MIN(100,MAX(0,(K70-30)/(90-30)*100))) -> 100 | M70: =IF(H70="","",MIN(100,MAX(0,(6-H70)/(6-2)*100))) -> 0 | N70: =IF(H70="","",IF(H70<=2,"",IF(OR(I70=FALSE(),J70=""),0,MIN(100,MAX(0,(14.4-J70)/(14.4-4.8)*100))))) -> 0 | O70: =IF(H70="","",IF(H70<=2,100,0.5*M70+0.5*N70)) -> 0 | P70: =IF(AND(L70<>"",O70<>""),0.5*L70+0.5*O70,"") -> 50
... A88: 51307f09 | B88: Bhc 전대후문점 | C88: 35.177103, 126.913448 | D88: 1 | F88: 1.8 | H88: 13 | I88: =FALSE() -> FALSE | K88: =IF(E88<>"",E88*100,IF(AND(F88<>"",G88<>"예"),F88*100,"")) -> 180 | L88: =IF(K88="","",MIN(100,MAX(0,(K88-30)/(90-30)*100))) -> 100 | M88: =IF(H88="","",MIN(100,MAX(0,(6-H88)/(6-2)*100))) -> 0 | N88: =IF(H88="","",IF(H88<=2,"",IF(OR(I88=FALSE(),J88=""),0,MIN(100,MAX(0,(14.4-J88)/(14.4-4.8)*100))))) -> 0 | O88: =IF(H88="","",IF(H88<=2,100,0.5*M88+0.5*N88)) -> 0 | P88: =IF(AND(L88<>"",O88<>""),0.5*L88+0.5*O88,"") -> 50
A89: e499d783 | B89: 싸움의 고수 | C89: 35.175719, 126.913175 | D89: 3 | F89: 1.5 | H89: 14.5 | I89: =TRUE() -> TRUE | J89: 14.5 | K89: =IF(E89<>"",E89*100,IF(AND(F89<>"",G89<>"예"),F89*100,"")) -> 150 | L89: =IF(K89="","",MIN(100,MAX(0,(K89-30)/(90-30)*100))) -> 100 | M89: =IF(H89="","",MIN(100,MAX(0,(6-H89)/(6-2)*100))) -> 0 | N89: =IF(H89="","",IF(H89<=2,"",IF(OR(I89=FALSE(),J89=""),0,MIN(100,MAX(0,(14.4-J89)/(14.4-4.8)*100))))) -> 0 | O89: =IF(H89="","",IF(H89<=2,100,0.5*M89+0.5*N89)) -> 0 | P89: =IF(AND(L89<>"",O89<>""),0.5*L89+0.5*O89,"") -> 50
A90: 488ec5e0 | B90: 왁스노래방 | C90: 35.177142, 126.913448 | D90: 1 | F90: 2.1 | H90: 7 | I90: =FALSE() -> FALSE | K90: =IF(E90<>"",E90*100,IF(AND(F90<>"",G90<>"예"),F90*100,"")) -> 210 | L90: =IF(K90="","",MIN(100,MAX(0,(K90-30)/(90-30)*100))) -> 100 | M90: =IF(H90="","",MIN(100,MAX(0,(6-H90)/(6-2)*100))) -> 0 | N90: =IF(H90="","",IF(H90<=2,"",IF(OR(I90=FALSE(),J90=""),0,MIN(100,MAX(0,(14.4-J90)/(14.4-4.8)*100))))) -> 0 | O90: =IF(H90="","",IF(H90<=2,100,0.5*M90+0.5*N90)) -> 0 | P90: =IF(AND(L90<>"",O90<>""),0.5*L90+0.5*O90,"") -> 50
A91: b1ca8991 | B91: 풀덤 | C91: 35.176081, 126.913517 | D91: 4 | F91: 0.92 | H91: 12 | I91: =FALSE() -> FALSE | K91: =IF(E91<>"",E91*100,IF(AND(F91<>"",G91<>"예"),F91*100,"")) -> 92 | L91: =IF(K91="","",MIN(100,MAX(0,(K91-30)/(90-30)*100))) -> 100 | M91: =IF(H91="","",MIN(100,MAX(0,(6-H91)/(6-2)*100))) -> 0 | N91: =IF(H91="","",IF(H91<=2,"",IF(OR(I91=FALSE(),J91=""),0,MIN(100,MAX(0,(14.4-J91)/(14.4-4.8)*100))))) -> 0 | O91: =IF(H91="","",IF(H91<=2,100,0.5*M91+0.5*N91)) -> 0 | P91: =IF(AND(L91<>"",O91<>""),0.5*L91+0.5*O91,"") -> 50
A92: 97c78a95 | B92: 하루 | C92: 35.175676, 126.913187 | D92: 3 | F92: 0.9 | H92: 15 | I92: =FALSE() -> FALSE | K92: =IF(E92<>"",E92*100,IF(AND(F92<>"",G92<>"예"),F92*100,"")) -> 90 | L92: =IF(K92="","",MIN(100,MAX(0,(K92-30)/(90-30)*100))) -> 100 | M92: =IF(H92="","",MIN(100,MAX(0,(6-H92)/(6-2)*100))) -> 0 | N92: =IF(H92="","",IF(H92<=2,"",IF(OR(I92=FALSE(),J92=""),0,MIN(100,MAX(0,(14.4-J92)/(14.4-4.8)*100))))) -> 0 | O92: =IF(H92="","",IF(H92<=2,100,0.5*M92+0.5*N92)) -> 0 | P92: =IF(AND(L92<>"",O92<>""),0.5*L92+0.5*O92,"") -> 50
A93: 2f922d3a | B93: HANDWERK | C93: 35.177210, 126.913426 | D93: 1 | F93: 2.04 | H93: 11 | I93: =FALSE() -> FALSE | K93: =IF(E93<>"",E93*100,IF(AND(F93<>"",G93<>"예"),F93*100,"")) -> 204 | L93: =IF(K93="","",MIN(100,MAX(0,(K93-30)/(90-30)*100))) -> 100 | M93: =IF(H93="","",MIN(100,MAX(0,(6-H93)/(6-2)*100))) -> 0 | N93: =IF(H93="","",IF(H93<=2,"",IF(OR(I93=FALSE(),J93=""),0,MIN(100,MAX(0,(14.4-J93)/(14.4-4.8)*100))))) -> 0 | O93: =IF(H93="","",IF(H93<=2,100,0.5*M93+0.5*N93)) -> 0 | P93: =IF(AND(L93<>"",O93<>""),0.5*L93+0.5*O93,"") -> 50
A94: d81b3b26 | B94: PIZZA BREAD LAB | C94: 35.176045, 126.913395 | D94: 3 | F94: 0.9 | H94: 6 | I94: =FALSE() -> FALSE | K94: =IF(E94<>"",E94*100,IF(AND(F94<>"",G94<>"예"),F94*100,"")) -> 90 | L94: =IF(K94="","",MIN(100,MAX(0,(K94-30)/(90-30)*100))) -> 100 | M94: =IF(H94="","",MIN(100,MAX(0,(6-H94)/(6-2)*100))) -> 0 | N94: =IF(H94="","",IF(H94<=2,"",IF(OR(I94=FALSE(),J94=""),0,MIN(100,MAX(0,(14.4-J94)/(14.4-4.8)*100))))) -> 0 | O94: =IF(H94="","",IF(H94<=2,100,0.5*M94+0.5*N94)) -> 0 | P94: =IF(AND(L94<>"",O94<>""),0.5*L94+0.5*O94,"") -> 50
A95: 7826d6f5 | B95: 24시 전대 꽃집 | C95: 35.175610, 126.913188 | D95: 3 | F95: 0.9 | H95: 15 | I95: =FALSE() -> FALSE | K95: =IF(E95<>"",E95*100,IF(AND(F95<>"",G95<>"예"),F95*100,"")) -> 90 | L95: =IF(K95="","",MIN(100,MAX(0,(K95-30)/(90-30)*100))) -> 100 | M95: =IF(H95="","",MIN(100,MAX(0,(6-H95)/(6-2)*100))) -> 0 | N95: =IF(H95="","",IF(H95<=2,"",IF(OR(I95=FALSE(),J95=""),0,MIN(100,MAX(0,(14.4-J95)/(14.4-4.8)*100))))) -> 0 | O95: =IF(H95="","",IF(H95<=2,100,0.5*M95+0.5*N95)) -> 0 | P95: =IF(AND(L95<>"",O95<>""),0.5*L95+0.5*O95,"") -> 50
A96: 50858a11 | B96: LUX | C96: 35.176046, 126.913368 | D96: 3 | F96: 0.91 | H96: 13 | I96: =FALSE() -> FALSE | K96: =IF(E96<>"",E96*100,IF(AND(F96<>"",G96<>"예"),F96*100,"")) -> 91 | L96: =IF(K96="","",MIN(100,MAX(0,(K96-30)/(90-30)*100))) -> 100 | M96: =IF(H96="","",MIN(100,MAX(0,(6-H96)/(6-2)*100))) -> 0 | N96: =IF(H96="","",IF(H96<=2,"",IF(OR(I96=FALSE(),J96=""),0,MIN(100,MAX(0,(14.4-J96)/(14.4-4.8)*100))))) -> 0 | O96: =IF(H96="","",IF(H96<=2,100,0.5*M96+0.5*N96)) -> 0 | P96: =IF(AND(L96<>"",O96<>""),0.5*L96+0.5*O96,"") -> 50
A97: 2ea06118 | B97: CODE | C97: 35.175635, 126.913060 | D97: 3 | F97: 1 | H97: 17 | I97: =FALSE() -> FALSE | K97: =IF(E97<>"",E97*100,IF(AND(F97<>"",G97<>"예"),F97*100,"")) -> 100 | L97: =IF(K97="","",MIN(100,MAX(0,(K97-30)/(90-30)*100))) -> 100 | M97: =IF(H97="","",MIN(100,MAX(0,(6-H97)/(6-2)*100))) -> 0 | N97: =IF(H97="","",IF(H97<=2,"",IF(OR(I97=FALSE(),J97=""),0,MIN(100,MAX(0,(14.4-J97)/(14.4-4.8)*100))))) -> 0 | O97: =IF(H97="","",IF(H97<=2,100,0.5*M97+0.5*N97)) -> 0 | P97: =IF(AND(L97<>"",O97<>""),0.5*L97+0.5*O97,"") -> 50
A98: 9c96c6e3 | B98: BURN 전남대학교점 | C98: 35.176810, 126.913184 | D98: 1 | F98: 1.01 | H98: 18 | I98: =FALSE() -> FALSE | K98: =IF(E98<>"",E98*100,IF(AND(F98<>"",G98<>"예"),F98*100,"")) -> 101 | L98: =IF(K98="","",MIN(100,MAX(0,(K98-30)/(90-30)*100))) -> 100 | M98: =IF(H98="","",MIN(100,MAX(0,(6-H98)/(6-2)*100))) -> 0 | N98: =IF(H98="","",IF(H98<=2,"",IF(OR(I98=FALSE(),J98=""),0,MIN(100,MAX(0,(14.4-J98)/(14.4-4.8)*100))))) -> 0 | O98: =IF(H98="","",IF(H98<=2,100,0.5*M98+0.5*N98)) -> 0 | P98: =IF(AND(L98<>"",O98<>""),0.5*L98+0.5*O98,"") -> 50
A99: 75bac4cf | B99: 가든파티 | C99: 35.175769, 126.913047 | D99: 3 | F99: 1.3 | H99: 11 | I99: =FALSE() -> FALSE | K99: =IF(E99<>"",E99*100,IF(AND(F99<>"",G99<>"예"),F99*100,"")) -> 130 | L99: =IF(K99="","",MIN(100,MAX(0,(K99-30)/(90-30)*100))) -> 100 | M99: =IF(H99="","",MIN(100,MAX(0,(6-H99)/(6-2)*100))) -> 0 | N99: =IF(H99="","",IF(H99<=2,"",IF(OR(I99=FALSE(),J99=""),0,MIN(100,MAX(0,(14.4-J99)/(14.4-4.8)*100))))) -> 0 | O99: =IF(H99="","",IF(H99<=2,100,0.5*M99+0.5*N99)) -> 0 | P99: =IF(AND(L99<>"",O99<>""),0.5*L99+0.5*O99,"") -> 50
A100: e0c6b324 | B100: 용흥경로당 | C100: 35.176317, 126.913939 | D100: 4 | F100: 0.92 | H100: 13.5 | I100: =FALSE() -> FALSE | K100: =IF(E100<>"",E100*100,IF(AND(F100<>"",G100<>"예"),F100*100,"")) -> 92 | L100: =IF(K100="","",MIN(100,MAX(0,(K100-30)/(90-30)*100))) -> 100 | M100: =IF(H100="","",MIN(100,MAX(0,(6-H100)/(6-2)*100))) -> 0 | N100: =IF(H100="","",IF(H100<=2,"",IF(OR(I100=FALSE(),J100=""),0,MIN(100,MAX(0,(14.4-J100)/(14.4-4.8)*100))))) -> 0 | O100: =IF(H100="","",IF(H100<=2,100,0.5*M100+0.5*N100)) -> 0 | P100: =IF(AND(L100<>"",O100<>""),0.5*L100+0.5*O100,"") -> 50
A101: 0ba44200 | B101: 푸다훠궈 | C101: 35.175885, 126.913030 | D101: 3 | F101: 1 | H101: 15 | I101: =FALSE() -> FALSE | K101: =IF(E101<>"",E101*100,IF(AND(F101<>"",G101<>"예"),F101*100,"")) -> 100 | L101: =IF(K101="","",MIN(100,MAX(0,(K101-30)/(90-30)*100))) -> 100 | M101: =IF(H101="","",MIN(100,MAX(0,(6-H101)/(6-2)*100))) -> 0 | N101: =IF(H101="","",IF(H101<=2,"",IF(OR(I101=FALSE(),J101=""),0,MIN(100,MAX(0,(14.4-J101)/(14.4-4.8)*100))))) -> 0 | O101: =IF(H101="","",IF(H101<=2,100,0.5*M101+0.5*N101)) -> 0 | P101: =IF(AND(L101<>"",O101<>""),0.5*L101+0.5*O101,"") -> 50
... A131: 40f5c824 | B131: lovable | C131: 35.175892, 126.914429 | D131: 4 | F131: 0.9 | H131: 7 | I131: =FALSE() -> FALSE | K131: =IF(E131<>"",E131*100,IF(AND(F131<>"",G131<>"예"),F131*100,"")) -> 90 | L131: =IF(K131="","",MIN(100,MAX(0,(K131-30)/(90-30)*100))) -> 100 | M131: =IF(H131="","",MIN(100,MAX(0,(6-H131)/(6-2)*100))) -> 0 | N131: =IF(H131="","",IF(H131<=2,"",IF(OR(I131=FALSE(),J131=""),0,MIN(100,MAX(0,(14.4-J131)/(14.4-4.8)*100))))) -> 0 | O131: =IF(H131="","",IF(H131<=2,100,0.5*M131+0.5*N131)) -> 0 | P131: =IF(AND(L131<>"",O131<>""),0.5*L131+0.5*O131,"") -> 50
A132: a206eb36 | B132: 방탈출카페 | C132: 35.177259, 126.914360 | D132: 2 | E132: 1 | F132: 1 | H132: 20 | I132: =FALSE() -> FALSE | K132: =IF(E132<>"",E132*100,IF(AND(F132<>"",G132<>"예"),F132*100,"")) -> 100 | L132: =IF(K132="","",MIN(100,MAX(0,(K132-30)/(90-30)*100))) -> 100 | M132: =IF(H132="","",MIN(100,MAX(0,(6-H132)/(6-2)*100))) -> 0 | N132: =IF(H132="","",IF(H132<=2,"",IF(OR(I132=FALSE(),J132=""),0,MIN(100,MAX(0,(14.4-J132)/(14.4-4.8)*100))))) -> 0 | O132: =IF(H132="","",IF(H132<=2,100,0.5*M132+0.5*N132)) -> 0 | P132: =IF(AND(L132<>"",O132<>""),0.5*L132+0.5*O132,"") -> 50
A133: 65e8a564 | B133: BbQ | C133: 35.176932, 126.914186 | D133: 2 | F133: 1.1 | H133: 13 | I133: =FALSE() -> FALSE | K133: =IF(E133<>"",E133*100,IF(AND(F133<>"",G133<>"예"),F133*100,"")) -> 110 | L133: =IF(K133="","",MIN(100,MAX(0,(K133-30)/(90-30)*100))) -> 100 | M133: =IF(H133="","",MIN(100,MAX(0,(6-H133)/(6-2)*100))) -> 0 | N133: =IF(H133="","",IF(H133<=2,"",IF(OR(I133=FALSE(),J133=""),0,MIN(100,MAX(0,(14.4-J133)/(14.4-4.8)*100))))) -> 0 | O133: =IF(H133="","",IF(H133<=2,100,0.5*M133+0.5*N133)) -> 0 | P133: =IF(AND(L133<>"",O133<>""),0.5*L133+0.5*O133,"") -> 50
A134: 15043347 | B134: 로니로티 | C134: 35.175786, 126.914313 | D134: 4 | F134: 1.6 | H134: 8.5 | I134: =FALSE() -> FALSE | K134: =IF(E134<>"",E134*100,IF(AND(F134<>"",G134<>"예"),F134*100,"")) -> 160 | L134: =IF(K134="","",MIN(100,MAX(0,(K134-30)/(90-30)*100))) -> 100 | M134: =IF(H134="","",MIN(100,MAX(0,(6-H134)/(6-2)*100))) -> 0 | N134: =IF(H134="","",IF(H134<=2,"",IF(OR(I134=FALSE(),J134=""),0,MIN(100,MAX(0,(14.4-J134)/(14.4-4.8)*100))))) -> 0 | O134: =IF(H134="","",IF(H134<=2,100,0.5*M134+0.5*N134)) -> 0 | P134: =IF(AND(L134<>"",O134<>""),0.5*L134+0.5*O134,"") -> 50
A135: 327be151 | B135: 청춘 | C135: 35.176890, 126.914402 | D135: 2 | F135: 0.9 | H135: 8 | I135: =FALSE() -> FALSE | K135: =IF(E135<>"",E135*100,IF(AND(F135<>"",G135<>"예"),F135*100,"")) -> 90 | L135: =IF(K135="","",MIN(100,MAX(0,(K135-30)/(90-30)*100))) -> 100 | M135: =IF(H135="","",MIN(100,MAX(0,(6-H135)/(6-2)*100))) -> 0 | N135: =IF(H135="","",IF(H135<=2,"",IF(OR(I135=FALSE(),J135=""),0,MIN(100,MAX(0,(14.4-J135)/(14.4-4.8)*100))))) -> 0 | O135: =IF(H135="","",IF(H135<=2,100,0.5*M135+0.5*N135)) -> 0 | P135: =IF(AND(L135<>"",O135<>""),0.5*L135+0.5*O135,"") -> 50
A136: 60ecb02e | B136: 꾼노리 전남대점 | C136: 35.176768, 126.914409 | D136: 2 | F136: 0.92 | H136: 16 | I136: =FALSE() -> FALSE | K136: =IF(E136<>"",E136*100,IF(AND(F136<>"",G136<>"예"),F136*100,"")) -> 92 | L136: =IF(K136="","",MIN(100,MAX(0,(K136-30)/(90-30)*100))) -> 100 | M136: =IF(H136="","",MIN(100,MAX(0,(6-H136)/(6-2)*100))) -> 0 | N136: =IF(H136="","",IF(H136<=2,"",IF(OR(I136=FALSE(),J136=""),0,MIN(100,MAX(0,(14.4-J136)/(14.4-4.8)*100))))) -> 0 | O136: =IF(H136="","",IF(H136<=2,100,0.5*M136+0.5*N136)) -> 0 | P136: =IF(AND(L136<>"",O136<>""),0.5*L136+0.5*O136,"") -> 50
A137: 34f42844 | B137: 정동 | C137: 35.175620, 126.914037 | D137: 4 | F137: 0.95 | H137: 11 | I137: =FALSE() -> FALSE | K137: =IF(E137<>"",E137*100,IF(AND(F137<>"",G137<>"예"),F137*100,"")) -> 95 | L137: =IF(K137="","",MIN(100,MAX(0,(K137-30)/(90-30)*100))) -> 100 | M137: =IF(H137="","",MIN(100,MAX(0,(6-H137)/(6-2)*100))) -> 0 | N137: =IF(H137="","",IF(H137<=2,"",IF(OR(I137=FALSE(),J137=""),0,MIN(100,MAX(0,(14.4-J137)/(14.4-4.8)*100))))) -> 0 | O137: =IF(H137="","",IF(H137<=2,100,0.5*M137+0.5*N137)) -> 0 | P137: =IF(AND(L137<>"",O137<>""),0.5*L137+0.5*O137,"") -> 50
A138: ac004d23 | B138: 펀치왕 | C138: 35.176671, 126.914420 | D138: 2 | F138: 3.35 | H138: 11 | I138: =FALSE() -> FALSE | K138: =IF(E138<>"",E138*100,IF(AND(F138<>"",G138<>"예"),F138*100,"")) -> 335 | L138: =IF(K138="","",MIN(100,MAX(0,(K138-30)/(90-30)*100))) -> 100 | M138: =IF(H138="","",MIN(100,MAX(0,(6-H138)/(6-2)*100))) -> 0 | N138: =IF(H138="","",IF(H138<=2,"",IF(OR(I138=FALSE(),J138=""),0,MIN(100,MAX(0,(14.4-J138)/(14.4-4.8)*100))))) -> 0 | O138: =IF(H138="","",IF(H138<=2,100,0.5*M138+0.5*N138)) -> 0 | P138: =IF(AND(L138<>"",O138<>""),0.5*L138+0.5*O138,"") -> 50
A139: 863ac1b8 | B139: 토키도키 | C139: 35.177354, 126.913955 | D139: 2 | F139: 0.9 | H139: 17 | I139: =FALSE() -> FALSE | K139: =IF(E139<>"",E139*100,IF(AND(F139<>"",G139<>"예"),F139*100,"")) -> 90 | L139: =IF(K139="","",MIN(100,MAX(0,(K139-30)/(90-30)*100))) -> 100 | M139: =IF(H139="","",MIN(100,MAX(0,(6-H139)/(6-2)*100))) -> 0 | N139: =IF(H139="","",IF(H139<=2,"",IF(OR(I139=FALSE(),J139=""),0,MIN(100,MAX(0,(14.4-J139)/(14.4-4.8)*100))))) -> 0 | O139: =IF(H139="","",IF(H139<=2,100,0.5*M139+0.5*N139)) -> 0 | P139: =IF(AND(L139<>"",O139<>""),0.5*L139+0.5*O139,"") -> 50
A140: 98e939f3 | B140: 홍길동전노래연습장 | C140: 35.175613, 126.913988 | D140: 4 | F140: 1.8 | H140: 11 | I140: =FALSE() -> FALSE | K140: =IF(E140<>"",E140*100,IF(AND(F140<>"",G140<>"예"),F140*100,"")) -> 180 | L140: =IF(K140="","",MIN(100,MAX(0,(K140-30)/(90-30)*100))) -> 100 | M140: =IF(H140="","",MIN(100,MAX(0,(6-H140)/(6-2)*100))) -> 0 | N140: =IF(H140="","",IF(H140<=2,"",IF(OR(I140=FALSE(),J140=""),0,MIN(100,MAX(0,(14.4-J140)/(14.4-4.8)*100))))) -> 0 | O140: =IF(H140="","",IF(H140<=2,100,0.5*M140+0.5*N140)) -> 0 | P140: =IF(AND(L140<>"",O140<>""),0.5*L140+0.5*O140,"") -> 50
A141: fedc381a | B141: 달리는 커피 | C141: 35.175619, 126.913939 | D141: 4 | F141: 2.4 | H141: 22 | I141: =FALSE() -> FALSE | K141: =IF(E141<>"",E141*100,IF(AND(F141<>"",G141<>"예"),F141*100,"")) -> 240 | L141: =IF(K141="","",MIN(100,MAX(0,(K141-30)/(90-30)*100))) -> 100 | M141: =IF(H141="","",MIN(100,MAX(0,(6-H141)/(6-2)*100))) -> 0 | N141: =IF(H141="","",IF(H141<=2,"",IF(OR(I141=FALSE(),J141=""),0,MIN(100,MAX(0,(14.4-J141)/(14.4-4.8)*100))))) -> 0 | O141: =IF(H141="","",IF(H141<=2,100,0.5*M141+0.5*N141)) -> 0 | P141: =IF(AND(L141<>"",O141<>""),0.5*L141+0.5*O141,"") -> 50
A142: 88698584 | B142: 타카라카레 | C142: 35.175619, 126.913873 | D142: 4 | F142: 0.9 | H142: 16 | I142: =FALSE() -> FALSE | K142: =IF(E142<>"",E142*100,IF(AND(F142<>"",G142<>"예"),F142*100,"")) -> 90 | L142: =IF(K142="","",MIN(100,MAX(0,(K142-30)/(90-30)*100))) -> 100 | M142: =IF(H142="","",MIN(100,MAX(0,(6-H142)/(6-2)*100))) -> 0 | N142: =IF(H142="","",IF(H142<=2,"",IF(OR(I142=FALSE(),J142=""),0,MIN(100,MAX(0,(14.4-J142)/(14.4-4.8)*100))))) -> 0 | O142: =IF(H142="","",IF(H142<=2,100,0.5*M142+0.5*N142)) -> 0 | P142: =IF(AND(L142<>"",O142<>""),0.5*L142+0.5*O142,"") -> 50
A143: 89470bdd | B143: 한식포차 전대본점 | C143: 35.177347, 126.913727 | D143: 2 | F143: 0.96 | H143: 19 | I143: =FALSE() -> FALSE | K143: =IF(E143<>"",E143*100,IF(AND(F143<>"",G143<>"예"),F143*100,"")) -> 96 | L143: =IF(K143="","",MIN(100,MAX(0,(K143-30)/(90-30)*100))) -> 100 | M143: =IF(H143="","",MIN(100,MAX(0,(6-H143)/(6-2)*100))) -> 0 | N143: =IF(H143="","",IF(H143<=2,"",IF(OR(I143=FALSE(),J143=""),0,MIN(100,MAX(0,(14.4-J143)/(14.4-4.8)*100))))) -> 0 | O143: =IF(H143="","",IF(H143<=2,100,0.5*M143+0.5*N143)) -> 0 | P143: =IF(AND(L143<>"",O143<>""),0.5*L143+0.5*O143,"") -> 50
A144: 9ac188d5 | B144: 부대통령 뚝배기 | C144: 35.175617, 126.913840 | D144: 4 | F144: 0.9 | H144: 12 | I144: =FALSE() -> FALSE | K144: =IF(E144<>"",E144*100,IF(AND(F144<>"",G144<>"예"),F144*100,"")) -> 90 | L144: =IF(K144="","",MIN(100,MAX(0,(K144-30)/(90-30)*100))) -> 100 | M144: =IF(H144="","",MIN(100,MAX(0,(6-H144)/(6-2)*100))) -> 0 | N144: =IF(H144="","",IF(H144<=2,"",IF(OR(I144=FALSE(),J144=""),0,MIN(100,MAX(0,(14.4-J144)/(14.4-4.8)*100))))) -> 0 | O144: =IF(H144="","",IF(H144<=2,100,0.5*M144+0.5*N144)) -> 0 | P144: =IF(AND(L144<>"",O144<>""),0.5*L144+0.5*O144,"") -> 50
... A156: 49cc7bd3 | B156: 인계동껍데기 | C156: 35.176991, 126.913603 | D156: 2 | F156: 1.13 | H156: 17 | I156: =FALSE() -> FALSE | K156: =IF(E156<>"",E156*100,IF(AND(F156<>"",G156<>"예"),F156*100,"")) -> 113 | L156: =IF(K156="","",MIN(100,MAX(0,(K156-30)/(90-30)*100))) -> 100 | M156: =IF(H156="","",MIN(100,MAX(0,(6-H156)/(6-2)*100))) -> 0 | N156: =IF(H156="","",IF(H156<=2,"",IF(OR(I156=FALSE(),J156=""),0,MIN(100,MAX(0,(14.4-J156)/(14.4-4.8)*100))))) -> 0 | O156: =IF(H156="","",IF(H156<=2,100,0.5*M156+0.5*N156)) -> 0 | P156: =IF(AND(L156<>"",O156<>""),0.5*L156+0.5*O156,"") -> 50
A157: dcf0734d | B157: 애상마라탕 | C157: 35.177321, 126.913422 | D157: 1 | F157: 2.25 | H157: 18 | I157: =TRUE() -> TRUE | J157: 13.5 | K157: =IF(E157<>"",E157*100,IF(AND(F157<>"",G157<>"예"),F157*100,"")) -> 225 | L157: =IF(K157="","",MIN(100,MAX(0,(K157-30)/(90-30)*100))) -> 100 | M157: =IF(H157="","",MIN(100,MAX(0,(6-H157)/(6-2)*100))) -> 0 | N157: =IF(H157="","",IF(H157<=2,"",IF(OR(I157=FALSE(),J157=""),0,MIN(100,MAX(0,(14.4-J157)/(14.4-4.8)*100))))) -> 9.375 | O157: =IF(H157="","",IF(H157<=2,100,0.5*M157+0.5*N157)) -> 4.6875 | P157: =IF(AND(L157<>"",O157<>""),0.5*L157+0.5*O157,"") -> 52.34375
A158: 8edb8861 | B158: 배스킨라빈스 전남대점 | C158: 35.176730, 126.912534 | D158: 1 | F158: 0.99 | H158: 24 | I158: =TRUE() -> TRUE | J158: 12.6 | K158: =IF(E158<>"",E158*100,IF(AND(F158<>"",G158<>"예"),F158*100,"")) -> 99 | L158: =IF(K158="","",MIN(100,MAX(0,(K158-30)/(90-30)*100))) -> 100 | M158: =IF(H158="","",MIN(100,MAX(0,(6-H158)/(6-2)*100))) -> 0 | N158: =IF(H158="","",IF(H158<=2,"",IF(OR(I158=FALSE(),J158=""),0,MIN(100,MAX(0,(14.4-J158)/(14.4-4.8)*100))))) -> 18.75 | O158: =IF(H158="","",IF(H158<=2,100,0.5*M158+0.5*N158)) -> 9.375 | P158: =IF(AND(L158<>"",O158<>""),0.5*L158+0.5*O158,"") -> 54.6875
A159: 892ccc0f | B159: 노래연습장 | C159: 35.176431, 126.913779 | D159: 4 | F159: 0.89 | H159: 5 | I159: =FALSE() -> FALSE | K159: =IF(E159<>"",E159*100,IF(AND(F159<>"",G159<>"예"),F159*100,"")) -> 89 | L159: =IF(K159="","",MIN(100,MAX(0,(K159-30)/(90-30)*100))) -> 98.333333 | M159: =IF(H159="","",MIN(100,MAX(0,(6-H159)/(6-2)*100))) -> 25 | N159: =IF(H159="","",IF(H159<=2,"",IF(OR(I159=FALSE(),J159=""),0,MIN(100,MAX(0,(14.4-J159)/(14.4-4.8)*100))))) -> 0 | O159: =IF(H159="","",IF(H159<=2,100,0.5*M159+0.5*N159)) -> 12.5 | P159: =IF(AND(L159<>"",O159<>""),0.5*L159+0.5*O159,"") -> 55.416667
A160: 3b0423a7 | B160: 중앙닭갈비 | C160: 35.176423, 126.913443 | D160: 3 | F160: 0.91 | H160: 5 | I160: =FALSE() -> FALSE | K160: =IF(E160<>"",E160*100,IF(AND(F160<>"",G160<>"예"),F160*100,"")) -> 91 | L160: =IF(K160="","",MIN(100,MAX(0,(K160-30)/(90-30)*100))) -> 100 | M160: =IF(H160="","",MIN(100,MAX(0,(6-H160)/(6-2)*100))) -> 25 | N160: =IF(H160="","",IF(H160<=2,"",IF(OR(I160=FALSE(),J160=""),0,MIN(100,MAX(0,(14.4-J160)/(14.4-4.8)*100))))) -> 0 | O160: =IF(H160="","",IF(H160<=2,100,0.5*M160+0.5*N160)) -> 12.5 | P160: =IF(AND(L160<>"",O160<>""),0.5*L160+0.5*O160,"") -> 56.25
A161: d5a8ce5f | B161: 21스탑 | C161: 35.176524, 126.913637 | D161: 2 | F161: 1 | H161: 5 | I161: =FALSE() -> FALSE | K161: =IF(E161<>"",E161*100,IF(AND(F161<>"",G161<>"예"),F161*100,"")) -> 100 | L161: =IF(K161="","",MIN(100,MAX(0,(K161-30)/(90-30)*100))) -> 100 | M161: =IF(H161="","",MIN(100,MAX(0,(6-H161)/(6-2)*100))) -> 25 | N161: =IF(H161="","",IF(H161<=2,"",IF(OR(I161=FALSE(),J161=""),0,MIN(100,MAX(0,(14.4-J161)/(14.4-4.8)*100))))) -> 0 | O161: =IF(H161="","",IF(H161<=2,100,0.5*M161+0.5*N161)) -> 12.5 | P161: =IF(AND(L161<>"",O161<>""),0.5*L161+0.5*O161,"") -> 56.25
A162: 58402224 | B162: ORSGU | C162: 35.176493, 126.913000 | D162: 3 | F162: 0.95 | H162: 5 | I162: =FALSE() -> FALSE | K162: =IF(E162<>"",E162*100,IF(AND(F162<>"",G162<>"예"),F162*100,"")) -> 95 | L162: =IF(K162="","",MIN(100,MAX(0,(K162-30)/(90-30)*100))) -> 100 | M162: =IF(H162="","",MIN(100,MAX(0,(6-H162)/(6-2)*100))) -> 25 | N162: =IF(H162="","",IF(H162<=2,"",IF(OR(I162=FALSE(),J162=""),0,MIN(100,MAX(0,(14.4-J162)/(14.4-4.8)*100))))) -> 0 | O162: =IF(H162="","",IF(H162<=2,100,0.5*M162+0.5*N162)) -> 12.5 | P162: =IF(AND(L162<>"",O162<>""),0.5*L162+0.5*O162,"") -> 56.25
A163: 557308d6 | B163: 공간 | C163: 35.176523, 126.913470 | D163: 1 | F163: 0.9 | H163: 5 | I163: =FALSE() -> FALSE | K163: =IF(E163<>"",E163*100,IF(AND(F163<>"",G163<>"예"),F163*100,"")) -> 90 | L163: =IF(K163="","",MIN(100,MAX(0,(K163-30)/(90-30)*100))) -> 100 | M163: =IF(H163="","",MIN(100,MAX(0,(6-H163)/(6-2)*100))) -> 25 | N163: =IF(H163="","",IF(H163<=2,"",IF(OR(I163=FALSE(),J163=""),0,MIN(100,MAX(0,(14.4-J163)/(14.4-4.8)*100))))) -> 0 | O163: =IF(H163="","",IF(H163<=2,100,0.5*M163+0.5*N163)) -> 12.5 | P163: =IF(AND(L163<>"",O163<>""),0.5*L163+0.5*O163,"") -> 56.25
A164: c1ff4432 | B164: WE VAPE | C164: 35.175567, 126.913058 | D164: 3 | F164: 0.9 | H164: 5 | I164: =TRUE() -> TRUE | J164: 18.7 | K164: =IF(E164<>"",E164*100,IF(AND(F164<>"",G164<>"예"),F164*100,"")) -> 90 | L164: =IF(K164="","",MIN(100,MAX(0,(K164-30)/(90-30)*100))) -> 100 | M164: =IF(H164="","",MIN(100,MAX(0,(6-H164)/(6-2)*100))) -> 25 | N164: =IF(H164="","",IF(H164<=2,"",IF(OR(I164=FALSE(),J164=""),0,MIN(100,MAX(0,(14.4-J164)/(14.4-4.8)*100))))) -> 0 | O164: =IF(H164="","",IF(H164<=2,100,0.5*M164+0.5*N164)) -> 12.5 | P164: =IF(AND(L164<>"",O164<>""),0.5*L164+0.5*O164,"") -> 56.25
A165: 2489d009 | B165: 포토이즘 | C165: 35.175569, 126.913202 | D165: 3 | F165: 1.6 | H165: 5 | I165: =FALSE() -> FALSE | K165: =IF(E165<>"",E165*100,IF(AND(F165<>"",G165<>"예"),F165*100,"")) -> 160 | L165: =IF(K165="","",MIN(100,MAX(0,(K165-30)/(90-30)*100))) -> 100 | M165: =IF(H165="","",MIN(100,MAX(0,(6-H165)/(6-2)*100))) -> 25 | N165: =IF(H165="","",IF(H165<=2,"",IF(OR(I165=FALSE(),J165=""),0,MIN(100,MAX(0,(14.4-J165)/(14.4-4.8)*100))))) -> 0 | O165: =IF(H165="","",IF(H165<=2,100,0.5*M165+0.5*N165)) -> 12.5 | P165: =IF(AND(L165<>"",O165<>""),0.5*L165+0.5*O165,"") -> 56.25
A166: b88a9487 | B166: 도쿄빙수 | C166: 35.176033, 126.913287 | D166: 3 | F166: 0.94 | H166: 5 | I166: =FALSE() -> FALSE | K166: =IF(E166<>"",E166*100,IF(AND(F166<>"",G166<>"예"),F166*100,"")) -> 94 | L166: =IF(K166="","",MIN(100,MAX(0,(K166-30)/(90-30)*100))) -> 100 | M166: =IF(H166="","",MIN(100,MAX(0,(6-H166)/(6-2)*100))) -> 25 | N166: =IF(H166="","",IF(H166<=2,"",IF(OR(I166=FALSE(),J166=""),0,MIN(100,MAX(0,(14.4-J166)/(14.4-4.8)*100))))) -> 0 | O166: =IF(H166="","",IF(H166<=2,100,0.5*M166+0.5*N166)) -> 12.5 | P166: =IF(AND(L166<>"",O166<>""),0.5*L166+0.5*O166,"") -> 56.25
A167: 8ebe2751 | B167: 설빙 | C167: 35.176126, 126.913013 | D167: 3 | F167: 2.5 | H167: 5 | I167: =FALSE() -> FALSE | K167: =IF(E167<>"",E167*100,IF(AND(F167<>"",G167<>"예"),F167*100,"")) -> 250 | L167: =IF(K167="","",MIN(100,MAX(0,(K167-30)/(90-30)*100))) -> 100 | M167: =IF(H167="","",MIN(100,MAX(0,(6-H167)/(6-2)*100))) -> 25 | N167: =IF(H167="","",IF(H167<=2,"",IF(OR(I167=FALSE(),J167=""),0,MIN(100,MAX(0,(14.4-J167)/(14.4-4.8)*100))))) -> 0 | O167: =IF(H167="","",IF(H167<=2,100,0.5*M167+0.5*N167)) -> 12.5 | P167: =IF(AND(L167<>"",O167<>""),0.5*L167+0.5*O167,"") -> 56.25
A168: b10bef69 | B168: 슈노레방 | C168: 35.176891, 126.913851 | D168: 2 | F168: 0.91 | H168: 5 | I168: =FALSE() -> FALSE | K168: =IF(E168<>"",E168*100,IF(AND(F168<>"",G168<>"예"),F168*100,"")) -> 91 | L168: =IF(K168="","",MIN(100,MAX(0,(K168-30)/(90-30)*100))) -> 100 | M168: =IF(H168="","",MIN(100,MAX(0,(6-H168)/(6-2)*100))) -> 25 | N168: =IF(H168="","",IF(H168<=2,"",IF(OR(I168=FALSE(),J168=""),0,MIN(100,MAX(0,(14.4-J168)/(14.4-4.8)*100))))) -> 0 | O168: =IF(H168="","",IF(H168<=2,100,0.5*M168+0.5*N168)) -> 12.5 | P168: =IF(AND(L168<>"",O168<>""),0.5*L168+0.5*O168,"") -> 56.25
A169: 71542c2f | B169: 스타벅스 전남대점 | C169: 35.177189, 126.912466 | D169: 1 | F169: 1.79 | H169: 15 | I169: =TRUE() -> TRUE | J169: 11.9 | K169: =IF(E169<>"",E169*100,IF(AND(F169<>"",G169<>"예"),F169*100,"")) -> 179 | L169: =IF(K169="","",MIN(100,MAX(0,(K169-30)/(90-30)*100))) -> 100 | M169: =IF(H169="","",MIN(100,MAX(0,(6-H169)/(6-2)*100))) -> 0 | N169: =IF(H169="","",IF(H169<=2,"",IF(OR(I169=FALSE(),J169=""),0,MIN(100,MAX(0,(14.4-J169)/(14.4-4.8)*100))))) -> 26.041667 | O169: =IF(H169="","",IF(H169<=2,100,0.5*M169+0.5*N169)) -> 13.020833 | P169: =IF(AND(L169<>"",O169<>""),0.5*L169+0.5*O169,"") -> 56.510417
A170: 236f8fe0 | B170: 코코오락실 | C170: 35.175806, 126.912678 | D170: 3 | F170: 1.7 | H170: 5 | I170: =TRUE() -> TRUE | J170: 13.8 | K170: =IF(E170<>"",E170*100,IF(AND(F170<>"",G170<>"예"),F170*100,"")) -> 170 | L170: =IF(K170="","",MIN(100,MAX(0,(K170-30)/(90-30)*100))) -> 100 | M170: =IF(H170="","",MIN(100,MAX(0,(6-H170)/(6-2)*100))) -> 25 | N170: =IF(H170="","",IF(H170<=2,"",IF(OR(I170=FALSE(),J170=""),0,MIN(100,MAX(0,(14.4-J170)/(14.4-4.8)*100))))) -> 6.25 | O170: =IF(H170="","",IF(H170<=2,100,0.5*M170+0.5*N170)) -> 15.625 | P170: =IF(AND(L170<>"",O170<>""),0.5*L170+0.5*O170,"") -> 57.8125
A171: e8b17e28 | B171: 솔브 | C171: 35.175701, 126.913057 | D171: 3 | F171: 1 | H171: 13.5 | I171: =TRUE() -> TRUE | J171: 11.1 | K171: =IF(E171<>"",E171*100,IF(AND(F171<>"",G171<>"예"),F171*100,"")) -> 100 | L171: =IF(K171="","",MIN(100,MAX(0,(K171-30)/(90-30)*100))) -> 100 | M171: =IF(H171="","",MIN(100,MAX(0,(6-H171)/(6-2)*100))) -> 0 | N171: =IF(H171="","",IF(H171<=2,"",IF(OR(I171=FALSE(),J171=""),0,MIN(100,MAX(0,(14.4-J171)/(14.4-4.8)*100))))) -> 34.375 | O171: =IF(H171="","",IF(H171<=2,100,0.5*M171+0.5*N171)) -> 17.1875 | P171: =IF(AND(L171<>"",O171<>""),0.5*L171+0.5*O171,"") -> 58.59375
A172: ea121814 | B172: teddy's bear | C172: 35.176312, 126.913124 | D172: 3 | F172: 1 | H172: 4.5 | I172: =FALSE() -> FALSE | K172: =IF(E172<>"",E172*100,IF(AND(F172<>"",G172<>"예"),F172*100,"")) -> 100 | L172: =IF(K172="","",MIN(100,MAX(0,(K172-30)/(90-30)*100))) -> 100 | M172: =IF(H172="","",MIN(100,MAX(0,(6-H172)/(6-2)*100))) -> 37.5 | N172: =IF(H172="","",IF(H172<=2,"",IF(OR(I172=FALSE(),J172=""),0,MIN(100,MAX(0,(14.4-J172)/(14.4-4.8)*100))))) -> 0 | O172: =IF(H172="","",IF(H172<=2,100,0.5*M172+0.5*N172)) -> 18.75 | P172: =IF(AND(L172<>"",O172<>""),0.5*L172+0.5*O172,"") -> 59.375
...

Sheet 구역별_Sn_집계
A1: 구역 | B1: S1_보행로(실측평균) | C1: S2_출입구(실측평균) | D1: S3_화장실(가정값) | E1: S4_엘리베이터(가정값) | F1: S5_주차장(가정값) | G1: S1_측정지점수 | H1: S2_측정지점수
A2: 1 | B2: =IFERROR(AVERAGEIF(S1_보행로!$D$2:$D$20,A2,S1_보행로!$M$2:$M$20),"N/A") -> 87.615741 | C2: =IFERROR(AVERAGEIF(S2_출입구!$D$2:$D$205,A2,S2_출입구!$P$2:$P$205),"N/A") -> 60.838415 | D2: =가정_및_설정!$B$2 -> 50 | E2: =가정_및_설정!$B$3 -> 50 | F2: =가정_및_설정!$B$4 -> 50 | G2: =COUNTIF(S1_보행로!$D$2:$D$20,A2) -> 6 | H2: =COUNTIF(S2_출입구!$D$2:$D$205,A2) -> 41
A3: 2 | B3: =IFERROR(AVERAGEIF(S1_보행로!$D$2:$D$20,A3,S1_보행로!$M$2:$M$20),"N/A") -> 100 | C3: =IFERROR(AVERAGEIF(S2_출입구!$D$2:$D$205,A3,S2_출입구!$P$2:$P$205),"N/A") -> 55.007716 | D3: =가정_및_설정!$B$2 -> 50 | E3: =가정_및_설정!$B$3 -> 50 | F3: =가정_및_설정!$B$4 -> 50 | G3: =COUNTIF(S1_보행로!$D$2:$D$20,A3) -> 3 | H3: =COUNTIF(S2_출입구!$D$2:$D$205,A3) -> 57
A4: 3 | B4: =IFERROR(AVERAGEIF(S1_보행로!$D$2:$D$20,A4,S1_보행로!$M$2:$M$20),"N/A") -> 100 | C4: =IFERROR(AVERAGEIF(S2_출입구!$D$2:$D$205,A4,S2_출입구!$P$2:$P$205),"N/A") -> 51.799546 | D4: =가정_및_설정!$B$2 -> 50 | E4: =가정_및_설정!$B$3 -> 50 | F4: =가정_및_설정!$B$4 -> 50 | G4: =COUNTIF(S1_보행로!$D$2:$D$20,A4) -> 5 | H4: =COUNTIF(S2_출입구!$D$2:$D$205,A4) -> 78
A5: 4 | B5: =IFERROR(AVERAGEIF(S1_보행로!$D$2:$D$20,A5,S1_보행로!$M$2:$M$20),"N/A") -> 98.958333 | C5: =IFERROR(AVERAGEIF(S2_출입구!$D$2:$D$205,A5,S2_출입구!$P$2:$P$205),"N/A") -> 52.726935 | D5: =가정_및_설정!$B$2 -> 50 | E5: =가정_및_설정!$B$3 -> 50 | F5: =가정_및_설정!$B$4 -> 50 | G5: =COUNTIF(S1_보행로!$D$2:$D$20,A5) -> 5 | H5: =COUNTIF(S2_출입구!$D$2:$D$205,A5) -> 28
A7: 주: S3~S5는 실측 데이터가 없어 '가정_및_설정' 시트의 지정값(50점)을 모든 구역에 동일 대입함(사용자 확인 완료).

Sheet 구역별_최종지수
A1: 구역 | B1: S1 | C1: S2 | D1: S3 | E1: S4 | F1: S5 | G1: 최종_넓이_지수(Final Index)
A2: 1 | B2: =구역별_Sn_집계!B2 -> 87.615741 | C2: =구역별_Sn_집계!C2 -> 60.838415 | D2: =구역별_Sn_집계!D2 -> 50 | E2: =구역별_Sn_집계!E2 -> 50 | F2: =구역별_Sn_집계!F2 -> 50 | G2: =(B2*C2+C2*D2+D2*E2+E2*F2+F2*B2)/(5*10000)*100 -> 35.506221
A3: 2 | B3: =구역별_Sn_집계!B3 -> 100 | C3: =구역별_Sn_집계!C3 -> 55.007716 | D3: =구역별_Sn_집계!D3 -> 50 | E3: =구역별_Sn_집계!E3 -> 50 | F3: =구역별_Sn_집계!F3 -> 50 | G3: =(B3*C3+C3*D3+D3*E3+E3*F3+F3*B3)/(5*10000)*100 -> 36.502315
A4: 3 | B4: =구역별_Sn_집계!B4 -> 100 | C4: =구역별_Sn_집계!C4 -> 51.799546 | D4: =구역별_Sn_집계!D4 -> 50 | E4: =구역별_Sn_집계!E4 -> 50 | F4: =구역별_Sn_집계!F4 -> 50 | G4: =(B4*C4+C4*D4+D4*E4+E4*F4+F4*B4)/(5*10000)*100 -> 35.539864
A5: 4 | B5: =구역별_Sn_집계!B5 -> 98.958333 | C5: =구역별_Sn_집계!C5 -> 52.726935 | D5: =구역별_Sn_집계!D5 -> 50 | E5: =구역별_Sn_집계!E5 -> 50 | F5: =구역별_Sn_집계!F5 -> 50 | G5: =(B5*C5+C5*D5+D5*E5+E5*F5+F5*B5)/(5*10000)*100 -> 35.604066
A7: ※ 공식 출처: 카테고리_점수화_공식.pdf ② 최종 넓이 지수(Result Index) - 5개 카테고리(S1~S5) 오각형 순환곱 공식을 그대로 사용함(PDF에 명시된 고정 공식, n=5 확장 불필요).
A8: ※ S3(화장실)/S4(엘리베이터)/S5(주차장)는 실측 데이터가 전무하여 사용자 지정 임시값(50점)을 대입해 산출한 결과이며, 추후 실측 데이터가 확보되면 반드시 재계산이 필요함.
